customer_id,age,gender,area,avg_amount,tx_per_month
C00000,22,M,urban,594.0,20
C00001,58,F,urban,763.0,18
C00002,52,F,urban,1511.0,9
C00003,40,M,rural,1081.0,24
C00004,40,M,rural,824.0,17
C00005,62,M,urban,638.0,19
C00006,22,F,urban,597.0,10
C00007,54,F,rural,1013.0,12
C00008,28,F,urban,3698.0,10
C00009,22,M,urban,1540.0,19
C00010,45,M,urban,493.0,20
C00011,68,M,urban,1676.0,21
C00012,56,M,rural,696.0,10
C00013,57,F,rural,1093.0,19
C00014,55,M,urban,770.0,18
C00015,58,M,rural,3691.0,3
C00016,44,M,urban,555.0,20
C00017,24,M,rural,1324.0,5
C00018,61,F,urban,727.0,5
C00019,41,M,urban,1708.0,5
C00020,44,F,rural,1308.0,15
C00021,37,F,rural,2328.0,3
C00022,27,F,rural,1687.0,14
C00023,66,F,rural,723.0,18
C00024,58,F,rural,6309.0,14
C00025,51,F,rural,1530.0,8
C00026,38,M,urban,788.0,10
C00027,60,M,rural,1241.0,18
C00028,46,F,rural,1601.0,10
C00029,41,M,rural,1565.0,17
C00030,41,M,rural,1477.0,18
C00031,29,F,rural,1958.0,14
C00032,22,M,urban,1846.0,11
C00033,46,M,urban,659.0,4
C00034,64,F,rural,3885.0,19
C00035,21,M,urban,3574.0,9
C00036,62,F,rural,1773.0,13
C00037,61,M,urban,1122.0,3
C00038,32,F,urban,1134.0,19
C00039,50,F,rural,903.0,23
C00040,26,M,urban,976.0,22
C00041,57,M,rural,295.0,9
C00042,54,M,urban,2747.0,4
C00043,36,M,rural,2223.0,5
C00044,21,M,rural,401.0,11
C00045,68,F,rural,1871.0,3
C00046,41,M,urban,1092.0,6
C00047,64,F,urban,973.0,16
C00048,53,M,rural,1474.0,3
C00049,58,F,rural,385.0,16
C00050,57,M,rural,1089.0,22
C00051,28,M,rural,1150.0,24
C00052,36,F,rural,1151.0,24
C00053,42,M,rural,483.0,9
C00054,43,F,rural,1434.0,17
C00055,20,M,rural,2071.0,4
C00056,46,M,rural,1400.0,8
C00057,26,M,rural,956.0,20
C00058,56,F,rural,5505.0,7
C00059,53,M,urban,630.0,9
C00060,65,M,urban,1744.0,12
C00061,56,M,rural,1269.0,10
C00062,37,M,rural,3668.0,19
C00063,68,M,urban,1383.0,22
C00064,39,F,rural,1573.0,14
C00065,34,M,rural,1485.0,15
C00066,65,F,rural,581.0,19
C00067,37,M,rural,651.0,11
C00068,21,M,urban,929.0,12
C00069,42,M,rural,1948.0,23
C00070,59,M,urban,1261.0,11
C00071,27,M,rural,969.0,8
C00072,42,M,urban,2498.0,3
C00073,24,M,rural,334.0,3
C00074,53,F,rural,504.0,19
C00075,42,M,rural,245.0,8
C00076,35,M,rural,2264.0,19
C00077,29,M,rural,1035.0,3
C00078,47,M,rural,1958.0,20
C00079,52,F,urban,1027.0,11
C00080,66,M,urban,2026.0,20
C00081,40,F,rural,1016.0,21
C00082,26,M,urban,1402.0,15
C00083,61,M,rural,1284.0,24
C00084,50,F,urban,1343.0,23
C00085,54,M,rural,3013.0,18
C00086,23,F,urban,414.0,13
C00087,34,M,rural,1053.0,23
C00088,57,F,urban,1235.0,24
C00089,61,M,rural,1129.0,11
C00090,40,M,urban,864.0,10
C00091,59,F,rural,796.0,9
C00092,61,M,urban,2746.0,23
C00093,38,M,rural,1051.0,6
C00094,64,F,rural,4735.0,3
C00095,32,F,rural,1506.0,14
C00096,30,F,rural,922.0,23
C00097,53,F,rural,1528.0,10
C00098,51,F,rural,1171.0,14
C00099,25,F,urban,2453.0,5
C00100,61,F,rural,544.0,21
C00101,28,M,urban,372.0,23
C00102,59,M,rural,1362.0,16
C00103,18,F,urban,1811.0,5
C00104,59,F,urban,1302.0,5
C00105,58,M,rural,1642.0,19
C00106,58,M,rural,1503.0,5
C00107,52,M,urban,451.0,4
C00108,42,M,rural,1298.0,22
C00109,54,F,rural,2416.0,14
C00110,32,M,urban,1216.0,16
C00111,58,F,urban,500.0,17
C00112,46,F,rural,898.0,10
C00113,41,F,rural,1532.0,8
C00114,44,M,urban,3221.0,14
C00115,47,F,rural,339.0,4
C00116,19,F,urban,1362.0,9
C00117,25,F,rural,627.0,16
C00118,30,M,urban,1487.0,23
C00119,23,M,urban,1560.0,16
C00120,40,F,urban,953.0,19
C00121,52,M,rural,1602.0,9
C00122,52,M,urban,2173.0,4
C00123,42,F,rural,994.0,11
C00124,62,F,rural,492.0,18
C00125,47,M,rural,2579.0,4
C00126,22,M,rural,1803.0,22
C00127,57,M,urban,1538.0,9
C00128,47,F,urban,724.0,18
C00129,51,F,urban,1981.0,22
C00130,47,M,rural,3735.0,16
C00131,46,M,urban,1020.0,6
C00132,22,M,rural,1161.0,8
C00133,47,M,rural,579.0,13
C00134,59,F,rural,712.0,24
C00135,33,M,rural,576.0,17
C00136,49,M,urban,1186.0,16
C00137,19,M,urban,894.0,20
C00138,36,M,rural,1372.0,6
C00139,40,F,urban,642.0,4
C00140,69,F,rural,992.0,15
C00141,29,F,rural,619.0,16
C00142,32,M,urban,1227.0,8
C00143,39,F,urban,412.0,16
C00144,69,M,urban,1201.0,6
C00145,62,F,urban,928.0,7
C00146,19,F,rural,1222.0,22
C00147,30,M,rural,407.0,3
C00148,60,F,urban,1624.0,15
C00149,21,M,rural,917.0,21
C00150,62,F,urban,1249.0,18
C00151,32,M,rural,357.0,12
C00152,65,M,rural,520.0,9
C00153,33,M,urban,868.0,4
C00154,40,M,rural,2503.0,5
C00155,52,M,rural,1505.0,15
C00156,24,M,urban,1186.0,14
C00157,46,F,urban,630.0,11
C00158,44,M,rural,565.0,9
C00159,58,M,urban,1295.0,4
C00160,69,F,urban,1670.0,5
C00161,52,F,urban,1243.0,9
C00162,39,M,rural,3059.0,23
C00163,39,M,urban,728.0,10
C00164,39,F,rural,1221.0,5
C00165,60,F,urban,397.0,15
C00166,34,M,urban,1245.0,5
C00167,26,F,rural,2648.0,11
C00168,35,M,urban,587.0,19
C00169,19,M,rural,1818.0,5
C00170,23,F,urban,2604.0,23
C00171,22,F,rural,725.0,16
C00172,58,F,urban,1451.0,23
C00173,55,M,rural,2829.0,19
C00174,54,M,urban,1259.0,24
C00175,42,M,rural,1758.0,14
C00176,55,M,urban,378.0,3
C00177,26,M,urban,1569.0,4
C00178,64,M,rural,1496.0,7
C00179,44,M,urban,495.0,5
C00180,66,F,rural,615.0,20
C00181,25,M,rural,1576.0,23
C00182,43,M,rural,914.0,16
C00183,54,F,rural,2137.0,7
C00184,43,M,rural,1321.0,24
C00185,41,F,rural,1134.0,9
C00186,26,M,urban,990.0,22
C00187,37,M,rural,1307.0,18
C00188,30,F,urban,1775.0,12
C00189,33,F,urban,1511.0,20
C00190,53,F,urban,851.0,17
C00191,50,F,urban,2307.0,23
C00192,49,M,urban,1627.0,16
C00193,36,F,urban,1382.0,11
C00194,67,F,rural,1159.0,5
C00195,22,F,rural,1480.0,24
C00196,35,M,rural,365.0,20
C00197,24,M,urban,1267.0,5
C00198,35,F,urban,2934.0,16
C00199,68,M,rural,1251.0,21
C00200,37,M,urban,1153.0,18
C00201,65,M,urban,767.0,8
C00202,43,M,rural,1474.0,6
C00203,54,M,rural,976.0,23
C00204,41,M,urban,2406.0,11
C00205,31,M,rural,653.0,22
C00206,57,M,rural,836.0,13
C00207,68,F,rural,765.0,19
C00208,31,M,urban,3297.0,8
C00209,58,M,rural,979.0,16
C00210,31,M,rural,789.0,15
C00211,55,M,urban,313.0,7
C00212,59,F,rural,635.0,17
C00213,41,F,rural,1505.0,13
C00214,56,M,urban,1502.0,17
C00215,32,M,rural,742.0,3
C00216,22,M,urban,767.0,5
C00217,23,M,rural,3347.0,18
C00218,41,M,urban,5529.0,24
C00219,64,M,rural,2186.0,5
C00220,24,M,urban,2795.0,3
C00221,41,F,rural,3174.0,8
C00222,54,M,rural,4141.0,3
C00223,28,M,rural,915.0,8
C00224,55,M,rural,647.0,18
C00225,33,M,urban,3295.0,20
C00226,60,M,urban,615.0,16
C00227,48,M,rural,592.0,11
C00228,46,M,urban,600.0,6
C00229,27,M,rural,1013.0,14
C00230,42,F,rural,333.0,24
C00231,62,F,rural,464.0,7
C00232,19,M,urban,755.0,14
C00233,57,M,rural,535.0,10
C00234,43,F,urban,2074.0,10
C00235,55,F,rural,1101.0,14
C00236,52,M,rural,1550.0,6
C00237,40,M,rural,1452.0,7
C00238,34,M,rural,969.0,3
C00239,50,F,urban,1984.0,18
C00240,25,M,rural,1438.0,22
C00241,48,M,rural,906.0,12
C00242,22,M,urban,399.0,16
C00243,51,M,rural,1499.0,24
C00244,50,M,rural,515.0,19
C00245,22,F,rural,1378.0,8
C00246,57,M,rural,1150.0,20
C00247,39,M,urban,485.0,11
C00248,58,M,rural,1281.0,24
C00249,20,F,urban,1230.0,23
C00250,27,M,rural,1233.0,3
C00251,43,M,urban,1198.0,22
C00252,27,M,rural,741.0,8
C00253,35,F,urban,1564.0,13
C00254,52,F,urban,726.0,19
C00255,25,F,urban,576.0,5
C00256,53,F,rural,1644.0,3
C00257,23,M,urban,1923.0,11
C00258,27,M,urban,1578.0,15
C00259,48,M,urban,968.0,15
C00260,59,F,urban,343.0,23
C00261,26,F,rural,2668.0,8
C00262,33,M,rural,339.0,18
C00263,66,F,urban,1559.0,7
C00264,69,M,urban,3890.0,12
C00265,48,M,urban,1200.0,14
C00266,41,M,urban,1306.0,12
C00267,36,F,urban,1377.0,6
C00268,49,F,urban,1235.0,7
C00269,48,M,urban,4493.0,22
C00270,33,F,urban,661.0,23
C00271,19,F,rural,613.0,4
C00272,25,F,urban,901.0,8
C00273,67,F,rural,3117.0,24
C00274,39,M,rural,776.0,5
C00275,43,F,rural,1420.0,14
C00276,42,F,urban,2085.0,9
C00277,58,F,rural,1750.0,24
C00278,21,M,rural,2020.0,19
C00279,22,F,rural,2568.0,19
C00280,32,F,rural,1319.0,4
C00281,43,M,urban,834.0,6
C00282,52,F,rural,1198.0,20
C00283,43,M,rural,895.0,8
C00284,40,M,urban,4979.0,12
C00285,66,M,urban,797.0,5
C00286,26,F,rural,1465.0,3
C00287,47,F,urban,446.0,19
C00288,46,M,rural,1188.0,6
C00289,42,F,urban,923.0,6
C00290,59,M,rural,1645.0,21
C00291,31,M,urban,1671.0,18
C00292,67,F,rural,2566.0,7
C00293,35,F,rural,2447.0,21
C00294,46,F,rural,1054.0,24
C00295,45,F,urban,622.0,12
C00296,62,F,urban,668.0,12
C00297,40,M,urban,1315.0,17
C00298,32,M,urban,1206.0,6
C00299,19,M,rural,1280.0,22
C00300,36,F,urban,795.0,5
C00301,60,F,urban,2598.0,19
C00302,18,F,rural,453.0,15
C00303,64,M,urban,769.0,5
C00304,46,M,urban,575.0,12
C00305,25,F,rural,967.0,9
C00306,33,F,urban,2317.0,23
C00307,46,M,rural,923.0,14
C00308,34,M,rural,1165.0,11
C00309,23,M,urban,1634.0,8
C00310,52,M,rural,897.0,6
C00311,52,M,rural,1380.0,14
C00312,24,M,urban,1275.0,14
C00313,32,F,rural,556.0,23
C00314,30,M,urban,830.0,17
C00315,52,M,rural,1357.0,12
C00316,55,M,rural,2367.0,11
C00317,55,F,urban,2366.0,8
C00318,66,M,rural,3856.0,17
C00319,57,M,urban,1467.0,6
C00320,34,M,rural,856.0,3
C00321,23,F,rural,1055.0,22
C00322,49,F,urban,1024.0,3
C00323,65,M,urban,859.0,8
C00324,68,M,rural,1380.0,15
C00325,29,M,urban,1419.0,7
C00326,30,F,urban,542.0,17
C00327,19,F,urban,2107.0,15
C00328,25,M,rural,364.0,4
C00329,46,M,urban,960.0,13
C00330,46,F,rural,2185.0,21
C00331,37,F,rural,1579.0,11
C00332,34,M,urban,885.0,17
C00333,61,M,rural,3573.0,15
C00334,41,M,urban,842.0,13
C00335,60,F,urban,330.0,15
C00336,68,F,rural,1439.0,13
C00337,34,F,urban,377.0,4
C00338,28,F,rural,666.0,12
C00339,67,M,rural,1593.0,12
C00340,51,M,urban,832.0,20
C00341,33,M,rural,1554.0,18
C00342,50,F,rural,547.0,15
C00343,44,F,urban,1836.0,11
C00344,65,M,rural,398.0,16
C00345,31,M,rural,2419.0,24
C00346,69,F,urban,825.0,21
C00347,66,F,urban,2748.0,8
C00348,27,F,rural,662.0,9
C00349,26,M,urban,3480.0,13
C00350,45,F,urban,617.0,17
C00351,20,F,rural,374.0,17
C00352,33,F,rural,1125.0,20
C00353,40,F,rural,2299.0,15
C00354,68,F,urban,1762.0,21
C00355,69,F,urban,2203.0,3
C00356,25,F,urban,1783.0,7
C00357,64,M,urban,670.0,14
C00358,22,M,rural,1737.0,14
C00359,56,F,urban,1159.0,24
C00360,61,F,rural,716.0,17
C00361,64,M,rural,1221.0,11
C00362,29,M,rural,1060.0,15
C00363,64,F,rural,2565.0,5
C00364,24,F,rural,805.0,11
C00365,44,F,rural,783.0,3
C00366,42,M,rural,721.0,6
C00367,34,F,rural,3422.0,12
C00368,19,F,urban,746.0,3
C00369,58,M,urban,2388.0,7
C00370,35,M,rural,591.0,22
C00371,52,F,urban,1486.0,21
C00372,39,M,rural,1284.0,15
C00373,37,F,urban,2299.0,23
C00374,64,F,rural,2107.0,3
C00375,22,F,urban,1152.0,23
C00376,56,M,rural,795.0,13
C00377,56,F,urban,2907.0,11
C00378,37,M,urban,748.0,20
C00379,31,F,rural,281.0,13
C00380,18,M,urban,360.0,16
C00381,66,F,urban,416.0,9
C00382,67,F,rural,1568.0,14
C00383,30,M,rural,4141.0,5
C00384,19,M,urban,322.0,7
C00385,24,F,rural,686.0,15
C00386,21,M,urban,1157.0,23
C00387,61,M,urban,2772.0,7
C00388,64,M,rural,684.0,15
C00389,25,F,urban,1563.0,4
C00390,56,F,rural,944.0,14
C00391,27,M,urban,5241.0,21
C00392,37,F,rural,1196.0,10
C00393,49,M,rural,1358.0,20
C00394,55,M,urban,1153.0,11
C00395,63,M,rural,855.0,23
C00396,20,M,rural,1939.0,16
C00397,28,M,urban,547.0,10
C00398,32,F,rural,330.0,8
C00399,34,M,urban,1002.0,22
C00400,69,F,urban,1789.0,13
C00401,58,M,urban,774.0,11
C00402,34,M,urban,1226.0,15
C00403,68,M,rural,527.0,4
C00404,43,F,rural,2075.0,7
C00405,44,F,rural,1622.0,13
C00406,40,M,urban,1110.0,9
C00407,25,M,urban,1213.0,15
C00408,66,M,urban,475.0,10
C00409,18,F,urban,488.0,12
C00410,27,M,rural,1019.0,20
C00411,29,F,rural,1493.0,20
C00412,32,M,rural,1539.0,9
C00413,24,M,rural,882.0,10
C00414,18,F,urban,1715.0,17
C00415,53,M,urban,2572.0,23
C00416,68,M,urban,1040.0,14
C00417,24,F,rural,1321.0,4
C00418,33,M,urban,968.0,16
C00419,44,M,urban,1017.0,18
C00420,66,M,rural,1214.0,23
C00421,54,M,urban,3047.0,23
C00422,57,F,rural,1899.0,18
C00423,48,M,urban,1799.0,15
C00424,39,F,rural,835.0,6
C00425,28,F,urban,640.0,22
C00426,62,F,rural,1385.0,13
C00427,59,F,rural,2313.0,18
C00428,19,F,urban,3084.0,19
C00429,55,F,rural,252.0,3
C00430,22,M,rural,4759.0,11
C00431,56,M,rural,1408.0,17
C00432,60,F,rural,1892.0,13
C00433,24,M,rural,386.0,17
C00434,40,F,urban,951.0,15
C00435,24,M,urban,1797.0,3
C00436,47,F,urban,542.0,9
C00437,66,M,rural,194.0,12
C00438,22,F,rural,1341.0,11
C00439,38,M,rural,1064.0,3
C00440,68,M,urban,2604.0,3
C00441,33,F,rural,996.0,9
C00442,24,F,rural,1041.0,21
C00443,43,F,urban,1667.0,24
C00444,44,F,rural,2039.0,21
C00445,52,M,urban,717.0,23
C00446,34,F,rural,1933.0,23
C00447,67,M,rural,802.0,18
C00448,45,M,rural,1108.0,5
C00449,32,M,urban,1640.0,11
C00450,67,M,urban,1821.0,19
C00451,66,F,rural,1327.0,11
C00452,43,F,rural,573.0,8
C00453,19,M,urban,357.0,3
C00454,49,F,urban,980.0,10
C00455,46,M,rural,1964.0,10
C00456,25,M,rural,1436.0,20
C00457,50,F,urban,1268.0,20
C00458,61,M,urban,1092.0,5
C00459,23,M,rural,1320.0,14
C00460,55,F,rural,604.0,22
C00461,25,M,rural,1751.0,13
C00462,56,M,rural,1822.0,24
C00463,39,F,urban,886.0,5
C00464,18,M,rural,1425.0,10
C00465,68,F,urban,392.0,23
C00466,26,F,rural,1222.0,18
C00467,48,M,urban,1012.0,9
C00468,27,M,urban,2334.0,22
C00469,66,M,urban,973.0,11
C00470,56,F,urban,1847.0,20
C00471,59,M,urban,867.0,10
C00472,40,F,rural,278.0,10
C00473,42,M,rural,958.0,10
C00474,50,F,rural,1234.0,11
C00475,58,M,rural,1201.0,16
C00476,62,M,urban,1211.0,20
C00477,18,M,rural,809.0,16
C00478,52,F,urban,903.0,3
C00479,23,F,urban,558.0,16
C00480,32,M,urban,331.0,12
C00481,61,M,urban,1029.0,4
C00482,31,M,rural,701.0,10
C00483,59,M,urban,2096.0,24
C00484,42,F,urban,296.0,10
C00485,30,F,rural,1306.0,18
C00486,35,F,urban,3916.0,7
C00487,45,M,rural,983.0,22
C00488,57,M,urban,1095.0,20
C00489,49,F,rural,1416.0,6
C00490,66,M,rural,1484.0,18
C00491,63,F,urban,858.0,23
C00492,57,M,rural,599.0,22
C00493,49,M,urban,1622.0,18
C00494,33,F,urban,349.0,19
C00495,39,M,rural,1807.0,14
C00496,24,F,rural,867.0,6
C00497,37,M,urban,1099.0,3
C00498,66,M,urban,800.0,9
C00499,40,M,urban,2588.0,8
C00500,23,M,rural,1273.0,23
C00501,51,M,rural,904.0,21
C00502,68,M,urban,889.0,10
C00503,63,F,rural,1003.0,11
C00504,32,F,urban,4620.0,19
C00505,41,M,rural,498.0,17
C00506,45,M,rural,2100.0,22
C00507,30,M,rural,1542.0,19
C00508,31,F,urban,2762.0,18
C00509,30,F,urban,1599.0,20
C00510,69,M,urban,1099.0,22
C00511,56,M,rural,2022.0,11
C00512,61,M,rural,1259.0,8
C00513,60,M,urban,1725.0,23
C00514,67,M,urban,2584.0,6
C00515,23,F,urban,1159.0,9
C00516,63,M,rural,850.0,5
C00517,21,M,rural,745.0,21
C00518,42,M,urban,1437.0,23
C00519,48,F,rural,647.0,12
C00520,36,M,urban,889.0,5
C00521,25,M,rural,614.0,8
C00522,27,M,urban,1488.0,15
C00523,60,F,urban,698.0,10
C00524,34,M,rural,507.0,19
C00525,34,F,rural,563.0,20
C00526,66,M,urban,778.0,12
C00527,25,M,rural,822.0,16
C00528,65,F,rural,1275.0,4
C00529,65,F,urban,995.0,6
C00530,49,M,rural,1369.0,10
C00531,26,F,rural,1437.0,5
C00532,26,M,urban,1710.0,3
C00533,32,M,rural,349.0,18
C00534,48,F,rural,558.0,3
C00535,25,F,urban,1530.0,8
C00536,41,M,rural,1245.0,18
C00537,24,F,urban,1971.0,7
C00538,46,M,rural,434.0,8
C00539,19,M,rural,825.0,19
C00540,54,F,urban,918.0,3
C00541,20,M,rural,1212.0,10
C00542,28,F,urban,1120.0,14
C00543,27,F,rural,1453.0,4
C00544,61,F,rural,1024.0,17
C00545,20,M,urban,2498.0,12
C00546,40,F,rural,3025.0,9
C00547,48,F,urban,561.0,15
C00548,44,F,rural,1127.0,3
C00549,53,M,rural,1770.0,16
C00550,59,M,rural,1558.0,13
C00551,38,M,urban,859.0,4
C00552,61,M,rural,1278.0,20
C00553,34,M,rural,424.0,12
C00554,69,F,rural,1084.0,4
C00555,44,F,rural,457.0,10
C00556,56,M,rural,1487.0,19
C00557,63,M,urban,561.0,12
C00558,59,F,urban,1209.0,11
C00559,62,M,rural,1328.0,3
C00560,45,F,urban,1148.0,4
C00561,20,M,rural,751.0,9
C00562,43,M,rural,967.0,8
C00563,27,M,rural,2228.0,17
C00564,64,F,rural,850.0,13
C00565,30,M,rural,1111.0,5
C00566,29,F,rural,785.0,17
C00567,30,M,rural,2023.0,24
C00568,51,M,urban,1149.0,21
C00569,47,F,urban,693.0,24
C00570,67,M,urban,1101.0,13
C00571,39,M,rural,949.0,10
C00572,32,M,urban,2529.0,4
C00573,20,F,rural,1068.0,17
C00574,18,M,rural,478.0,12
C00575,37,M,urban,1479.0,16
C00576,66,F,rural,3202.0,9
C00577,45,F,urban,2249.0,6
C00578,64,F,rural,566.0,18
C00579,23,F,rural,933.0,11
C00580,22,F,urban,1077.0,14
C00581,61,M,urban,1084.0,24
C00582,23,M,rural,1378.0,9
C00583,20,F,urban,892.0,5
C00584,39,F,rural,633.0,18
C00585,66,F,rural,1941.0,15
C00586,53,F,urban,559.0,11
C00587,23,M,urban,678.0,16
C00588,61,M,urban,557.0,23
C00589,61,F,rural,1583.0,6
C00590,59,M,rural,1169.0,20
C00591,64,F,urban,1863.0,14
C00592,30,F,rural,685.0,20
C00593,68,M,rural,517.0,23
C00594,34,F,rural,840.0,6
C00595,59,F,urban,983.0,5
C00596,48,F,urban,1243.0,3
C00597,58,M,urban,400.0,7
C00598,50,F,rural,1462.0,10
C00599,51,M,rural,641.0,8
C00600,50,M,urban,744.0,21
C00601,58,M,urban,2218.0,19
C00602,56,F,rural,296.0,10
C00603,24,F,urban,1331.0,15
C00604,60,M,rural,1328.0,9
C00605,45,F,urban,671.0,14
C00606,34,M,urban,839.0,9
C00607,44,F,rural,2282.0,20
C00608,68,M,urban,3561.0,8
C00609,62,F,rural,2077.0,24
C00610,61,M,urban,3400.0,23
C00611,42,F,urban,724.0,7
C00612,58,M,rural,425.0,15
C00613,38,F,urban,1063.0,20
C00614,53,F,rural,1777.0,21
C00615,51,M,rural,360.0,11
C00616,30,M,rural,629.0,15
C00617,31,F,urban,672.0,6
C00618,21,F,urban,1358.0,8
C00619,25,M,urban,1257.0,8
C00620,40,M,rural,689.0,9
C00621,42,M,urban,1222.0,11
C00622,26,F,urban,552.0,18
C00623,39,F,rural,849.0,22
C00624,49,M,urban,513.0,15
C00625,30,F,rural,1002.0,13
C00626,35,F,rural,678.0,18
C00627,37,F,rural,1659.0,16
C00628,44,M,rural,1080.0,12
C00629,37,M,urban,957.0,3
C00630,56,M,rural,3168.0,14
C00631,35,M,rural,1380.0,4
C00632,40,M,urban,879.0,16
C00633,37,M,rural,773.0,23
C00634,27,M,rural,540.0,20
C00635,53,F,rural,1054.0,21
C00636,30,M,rural,1319.0,13
C00637,33,F,urban,348.0,13
C00638,59,M,urban,484.0,14
C00639,67,F,urban,805.0,7
C00640,52,M,urban,567.0,24
C00641,65,F,urban,1125.0,3
C00642,62,F,urban,1223.0,24
C00643,43,M,urban,1019.0,24
C00644,58,F,rural,1526.0,23
C00645,35,M,urban,772.0,3
C00646,41,F,rural,1067.0,23
C00647,45,M,rural,601.0,8
C00648,67,M,rural,1301.0,8
C00649,62,M,urban,1148.0,18
C00650,43,F,rural,534.0,11
C00651,51,M,rural,999.0,23
C00652,28,F,rural,1072.0,13
C00653,59,M,urban,1298.0,5
C00654,46,M,urban,1327.0,8
C00655,45,M,rural,711.0,20
C00656,57,F,urban,1734.0,15
C00657,50,F,rural,1501.0,10
C00658,21,M,rural,710.0,7
C00659,32,F,rural,552.0,17
C00660,27,M,rural,743.0,8
C00661,56,M,rural,454.0,5
C00662,19,M,rural,1242.0,15
C00663,28,M,rural,2231.0,22
C00664,49,M,urban,2573.0,9
C00665,54,F,rural,570.0,18
C00666,44,M,rural,1758.0,12
C00667,62,F,rural,1154.0,24
C00668,65,F,urban,260.0,16
C00669,24,F,urban,898.0,14
C00670,67,F,rural,840.0,8
C00671,49,F,urban,2268.0,22
C00672,51,M,rural,650.0,4
C00673,22,M,rural,1537.0,14
C00674,50,M,urban,1028.0,8
C00675,55,F,urban,461.0,14
C00676,48,M,rural,787.0,24
C00677,22,F,urban,2749.0,5
C00678,45,F,rural,988.0,4
C00679,66,M,rural,1888.0,20
C00680,55,F,rural,1827.0,18
C00681,25,M,urban,838.0,12
C00682,67,M,urban,508.0,7
C00683,67,F,rural,549.0,16
C00684,26,M,urban,2620.0,8
C00685,59,M,urban,1201.0,17
C00686,39,M,rural,387.0,11
C00687,48,M,urban,1809.0,20
C00688,41,F,urban,375.0,17
C00689,58,F,rural,668.0,15
C00690,69,M,urban,1151.0,5
C00691,59,M,urban,4975.0,16
C00692,66,M,urban,1789.0,18
C00693,67,F,rural,821.0,14
C00694,22,F,rural,1115.0,16
C00695,31,M,rural,1904.0,16
C00696,55,M,rural,2574.0,8
C00697,48,F,urban,945.0,12
C00698,20,F,rural,962.0,5
C00699,22,M,urban,666.0,20
C00700,45,F,rural,1635.0,6
C00701,50,M,rural,2030.0,20
C00702,26,M,urban,343.0,16
C00703,26,F,rural,864.0,14
C00704,24,M,rural,529.0,14
C00705,47,M,urban,1201.0,6
C00706,18,F,rural,522.0,17
C00707,47,F,rural,497.0,11
C00708,42,M,urban,2152.0,20
C00709,42,F,urban,993.0,21
C00710,53,F,rural,1058.0,23
C00711,45,F,urban,1421.0,23
C00712,55,F,urban,1964.0,19
C00713,57,F,rural,853.0,8
C00714,65,M,rural,865.0,9
C00715,59,M,urban,867.0,23
C00716,44,F,urban,2098.0,24
C00717,43,F,rural,1053.0,9
C00718,30,M,rural,921.0,17
C00719,49,M,rural,1386.0,23
C00720,25,F,rural,3290.0,21
C00721,66,M,urban,1147.0,23
C00722,61,M,rural,933.0,10
C00723,24,F,rural,3519.0,14
C00724,58,F,rural,2435.0,16
C00725,24,F,urban,2233.0,23
C00726,55,F,urban,812.0,24
C00727,22,M,rural,765.0,15
C00728,43,F,rural,365.0,21
C00729,52,M,rural,1957.0,11
C00730,55,M,urban,1148.0,16
C00731,39,F,rural,372.0,20
C00732,65,F,urban,2255.0,22
C00733,58,F,rural,896.0,5
C00734,28,M,rural,964.0,4
C00735,52,F,rural,442.0,7
C00736,55,F,urban,1473.0,5
C00737,35,F,rural,1482.0,7
C00738,56,F,urban,1066.0,23
C00739,64,M,rural,853.0,16
C00740,60,F,rural,5302.0,5
C00741,57,F,rural,533.0,18
C00742,50,F,rural,711.0,23
C00743,32,F,rural,1677.0,21
C00744,59,F,urban,597.0,21
C00745,36,M,urban,571.0,22
C00746,45,M,rural,2162.0,19
C00747,34,F,rural,1577.0,22
C00748,34,F,rural,1466.0,20
C00749,26,F,urban,1223.0,18
C00750,67,M,urban,724.0,7
C00751,25,M,rural,942.0,23
C00752,22,F,rural,1046.0,4
C00753,66,F,rural,1822.0,9
C00754,46,M,rural,1416.0,18
C00755,40,F,urban,628.0,18
C00756,56,M,urban,1761.0,22
C00757,37,M,urban,401.0,4
C00758,24,M,rural,905.0,20
C00759,55,M,urban,553.0,5
C00760,27,M,urban,656.0,16
C00761,46,F,rural,3484.0,7
C00762,67,F,urban,454.0,15
C00763,66,F,rural,671.0,5
C00764,36,M,urban,1490.0,3
C00765,58,M,urban,827.0,24
C00766,49,M,urban,1204.0,14
C00767,42,F,rural,2586.0,13
C00768,25,M,rural,1624.0,11
C00769,37,F,rural,828.0,22
C00770,51,F,rural,1012.0,20
C00771,69,F,urban,1508.0,13
C00772,18,M,rural,1605.0,5
C00773,55,M,urban,1110.0,18
C00774,62,M,rural,1362.0,7
C00775,67,M,rural,1362.0,10
C00776,40,F,urban,1038.0,17
C00777,24,M,rural,763.0,23
C00778,32,F,rural,1712.0,7
C00779,62,M,urban,1306.0,3
C00780,63,F,urban,315.0,12
C00781,51,F,rural,668.0,18
C00782,24,M,rural,822.0,17
C00783,24,F,urban,972.0,23
C00784,42,M,rural,2258.0,7
C00785,48,F,urban,7491.0,20
C00786,19,F,rural,251.0,20
C00787,53,F,urban,1316.0,21
C00788,46,F,rural,1143.0,22
C00789,18,M,rural,984.0,9
C00790,22,F,rural,1519.0,9
C00791,41,F,rural,1200.0,12
C00792,55,M,rural,883.0,10
C00793,60,M,urban,1116.0,5
C00794,40,F,urban,1531.0,10
C00795,33,F,rural,1446.0,11
C00796,68,M,urban,1228.0,19
C00797,41,F,rural,773.0,3
C00798,34,F,urban,5952.0,19
C00799,41,M,rural,1361.0,20
C00800,18,M,rural,1733.0,5
C00801,33,F,rural,809.0,23
C00802,44,F,urban,1229.0,18
C00803,65,F,rural,1223.0,18
C00804,56,M,rural,348.0,19
C00805,58,F,rural,713.0,20
C00806,46,F,rural,706.0,11
C00807,23,F,urban,765.0,14
C00808,38,M,urban,577.0,16
C00809,69,F,urban,1126.0,7
C00810,20,M,rural,2536.0,4
C00811,63,M,rural,1186.0,18
C00812,53,F,urban,540.0,8
C00813,32,F,rural,591.0,9
C00814,58,M,urban,875.0,5
C00815,61,F,rural,469.0,13
C00816,20,M,rural,1316.0,15
C00817,23,M,urban,2470.0,22
C00818,52,M,urban,776.0,13
C00819,69,M,rural,1148.0,11
C00820,19,F,rural,848.0,20
C00821,52,F,urban,752.0,9
C00822,25,F,rural,1229.0,3
C00823,51,M,rural,737.0,3
C00824,50,M,urban,675.0,21
C00825,22,M,rural,415.0,18
C00826,53,F,urban,1140.0,6
C00827,64,M,rural,2080.0,7
C00828,62,M,rural,1676.0,21
C00829,19,F,urban,2684.0,17
C00830,30,F,rural,732.0,13
C00831,30,M,urban,1827.0,11
C00832,41,M,rural,566.0,11
C00833,25,F,rural,1678.0,20
C00834,62,M,urban,2941.0,7
C00835,58,M,rural,1479.0,22
C00836,60,F,urban,2972.0,8
C00837,28,M,rural,766.0,8
C00838,18,M,rural,1012.0,11
C00839,65,M,rural,633.0,20
C00840,33,M,rural,1120.0,3
C00841,52,M,rural,1289.0,6
C00842,65,M,urban,1114.0,11
C00843,19,F,urban,825.0,6
C00844,18,M,rural,817.0,11
C00845,18,F,urban,1349.0,12
C00846,26,F,urban,997.0,16
C00847,20,M,urban,549.0,10
C00848,60,M,rural,351.0,14
C00849,49,F,rural,767.0,24
C00850,68,F,urban,478.0,13
C00851,59,F,urban,664.0,20
C00852,68,M,rural,851.0,9
C00853,30,M,urban,1005.0,22
C00854,32,M,rural,735.0,15
C00855,62,F,rural,4084.0,5
C00856,30,F,rural,515.0,22
C00857,20,M,urban,2265.0,18
C00858,52,F,rural,995.0,10
C00859,59,M,rural,739.0,16
C00860,68,F,urban,1560.0,23
C00861,66,M,rural,836.0,5
C00862,24,F,urban,676.0,3
C00863,58,F,rural,3210.0,20
C00864,61,F,rural,294.0,9
C00865,54,M,urban,947.0,21
C00866,60,F,rural,1229.0,19
C00867,61,F,urban,2552.0,23
C00868,41,M,urban,863.0,19
C00869,20,M,rural,5413.0,23
C00870,41,F,urban,1729.0,16
C00871,28,M,rural,265.0,5
C00872,23,M,urban,458.0,7
C00873,24,M,rural,1264.0,22
C00874,54,M,rural,552.0,9
C00875,44,M,rural,1523.0,23
C00876,46,F,rural,835.0,22
C00877,56,M,rural,535.0,18
C00878,46,F,rural,615.0,5
C00879,50,M,rural,1828.0,7
C00880,22,M,urban,326.0,19
C00881,62,M,urban,2053.0,11
C00882,41,F,urban,2090.0,11
C00883,26,F,rural,899.0,4
C00884,60,M,rural,472.0,13
C00885,56,M,rural,1531.0,3
C00886,20,M,rural,819.0,6
C00887,28,M,urban,442.0,23
C00888,18,F,rural,3448.0,19
C00889,32,M,urban,645.0,24
C00890,23,F,urban,453.0,23
C00891,54,F,rural,1301.0,23
C00892,45,M,urban,1053.0,11
C00893,68,F,rural,2675.0,8
C00894,56,M,rural,873.0,18
C00895,49,F,rural,878.0,16
C00896,44,M,urban,1341.0,12
C00897,20,F,urban,1236.0,13
C00898,21,M,urban,1259.0,7
C00899,50,M,rural,1291.0,13
C00900,18,F,urban,1210.0,24
C00901,20,M,urban,854.0,12
C00902,29,M,rural,1807.0,14
C00903,63,F,rural,884.0,23
C00904,41,M,rural,1777.0,21
C00905,54,F,urban,2522.0,20
C00906,39,F,rural,730.0,3
C00907,27,F,urban,4641.0,21
C00908,37,M,urban,715.0,4
C00909,22,M,urban,718.0,3
C00910,58,F,rural,1516.0,10
C00911,27,M,rural,1429.0,12
C00912,37,M,urban,1145.0,5
C00913,68,M,rural,1792.0,16
C00914,48,M,rural,1276.0,23
C00915,41,F,urban,3787.0,17
C00916,46,F,rural,1062.0,24
C00917,58,F,urban,657.0,22
C00918,31,F,urban,788.0,20
C00919,51,M,rural,1455.0,6
C00920,63,M,urban,1468.0,17
C00921,47,M,rural,1241.0,4
C00922,41,F,urban,659.0,19
C00923,25,M,rural,2133.0,22
C00924,30,F,rural,3506.0,5
C00925,67,M,rural,1116.0,14
C00926,46,F,rural,3250.0,5
C00927,33,F,rural,1844.0,14
C00928,39,F,urban,4151.0,12
C00929,48,M,urban,1456.0,22
C00930,45,F,rural,1190.0,8
C00931,54,M,rural,1818.0,19
C00932,31,M,urban,845.0,17
C00933,51,M,rural,1400.0,19
C00934,41,M,urban,2437.0,24
C00935,66,F,urban,1793.0,7
C00936,26,M,rural,1076.0,3
C00937,25,M,rural,1237.0,16
C00938,42,F,rural,1728.0,5
C00939,44,F,urban,1694.0,12
C00940,53,F,urban,1720.0,14
C00941,39,F,rural,1344.0,16
C00942,65,M,urban,669.0,3
C00943,42,F,rural,736.0,15
C00944,24,M,urban,1446.0,20
C00945,24,M,urban,1806.0,3
C00946,68,M,urban,1671.0,11
C00947,24,F,urban,731.0,10
C00948,67,M,urban,1002.0,10
C00949,32,F,rural,542.0,13
C00950,22,M,rural,476.0,6
C00951,33,M,urban,1152.0,14
C00952,49,M,rural,2477.0,4
C00953,40,M,urban,1164.0,5
C00954,58,M,urban,3446.0,14
C00955,49,F,rural,994.0,22
C00956,38,M,rural,1117.0,18
C00957,51,M,rural,605.0,10
C00958,68,F,urban,890.0,10
C00959,39,M,urban,537.0,13
C00960,25,M,rural,434.0,3
C00961,39,M,rural,543.0,17
C00962,61,M,rural,1154.0,5
C00963,29,M,rural,705.0,18
C00964,67,F,urban,812.0,11
C00965,48,M,rural,1402.0,11
C00966,49,F,rural,433.0,12
C00967,34,M,urban,1151.0,5
C00968,65,F,urban,1824.0,8
C00969,19,F,rural,1921.0,7
C00970,33,M,urban,1495.0,21
C00971,39,M,rural,1063.0,6
C00972,42,M,rural,754.0,5
C00973,42,F,rural,1044.0,8
C00974,25,F,rural,2957.0,12
C00975,29,M,rural,1292.0,16
C00976,22,F,rural,1029.0,12
C00977,47,M,rural,1538.0,14
C00978,36,M,urban,1130.0,14
C00979,47,F,rural,1256.0,6
C00980,48,M,urban,946.0,3
C00981,54,M,urban,855.0,17
C00982,46,F,rural,1993.0,23
C00983,51,M,urban,340.0,4
C00984,48,F,urban,1461.0,23
C00985,51,M,urban,824.0,23
C00986,50,M,rural,350.0,20
C00987,34,M,rural,611.0,15
C00988,30,F,urban,1073.0,10
C00989,58,M,rural,1165.0,15
C00990,35,M,urban,1710.0,3
C00991,46,F,rural,1781.0,9
C00992,28,F,urban,434.0,11
C00993,40,F,rural,1375.0,14
C00994,45,F,rural,1698.0,8
C00995,50,M,rural,1251.0,12
C00996,45,F,rural,1482.0,18
C00997,36,F,urban,344.0,23
C00998,68,F,rural,605.0,21
C00999,44,F,urban,2489.0,4
C01000,60,M,rural,927.0,15
C01001,56,M,urban,4162.0,13
C01002,47,F,urban,509.0,14
C01003,64,M,urban,2802.0,20
C01004,24,M,urban,760.0,10
C01005,65,M,rural,1840.0,14
C01006,62,F,rural,919.0,22
C01007,44,F,urban,1175.0,15
C01008,56,F,rural,1568.0,15
C01009,45,F,rural,759.0,23
C01010,31,F,urban,1773.0,3
C01011,59,F,urban,935.0,11
C01012,30,M,rural,1220.0,13
C01013,34,F,urban,224.0,3
C01014,45,M,rural,896.0,13
C01015,61,M,urban,2341.0,23
C01016,37,M,urban,1664.0,20
C01017,43,F,rural,1867.0,3
C01018,20,F,rural,1132.0,22
C01019,24,F,rural,2998.0,20
C01020,20,F,urban,1304.0,22
C01021,21,F,rural,738.0,6
C01022,63,M,rural,1832.0,22
C01023,61,F,rural,1908.0,3
C01024,60,F,rural,1600.0,3
C01025,20,F,rural,861.0,10
C01026,22,M,rural,1298.0,20
C01027,32,M,rural,2530.0,22
C01028,47,F,rural,1460.0,16
C01029,35,M,rural,452.0,3
C01030,43,M,rural,752.0,22
C01031,26,M,rural,731.0,8
C01032,56,M,urban,697.0,19
C01033,34,M,urban,309.0,9
C01034,21,F,urban,3410.0,15
C01035,56,F,rural,648.0,5
C01036,64,F,urban,677.0,24
C01037,18,M,urban,342.0,5
C01038,40,M,rural,1844.0,24
C01039,61,M,urban,1038.0,22
C01040,54,M,rural,888.0,6
C01041,62,M,rural,917.0,18
C01042,39,F,urban,1560.0,10
C01043,37,F,urban,822.0,9
C01044,54,M,rural,333.0,10
C01045,25,M,rural,505.0,8
C01046,30,M,rural,490.0,24
C01047,49,M,urban,1294.0,3
C01048,52,M,rural,1916.0,10
C01049,24,M,rural,2643.0,10
C01050,44,M,rural,411.0,12
C01051,36,M,urban,1591.0,9
C01052,44,F,rural,758.0,17
C01053,67,M,rural,6336.0,23
C01054,21,M,urban,2515.0,17
C01055,69,M,rural,3045.0,7
C01056,41,M,rural,1775.0,24
C01057,58,F,rural,1379.0,11
C01058,40,F,rural,861.0,9
C01059,34,F,urban,765.0,18
C01060,58,F,rural,679.0,24
C01061,53,M,urban,1588.0,10
C01062,25,M,rural,2797.0,7
C01063,54,M,urban,885.0,20
C01064,57,M,urban,711.0,13
C01065,38,F,rural,450.0,18
C01066,66,M,urban,1270.0,12
C01067,51,M,rural,2293.0,3
C01068,35,M,urban,2363.0,10
C01069,18,M,urban,2508.0,21
C01070,53,F,urban,1407.0,23
C01071,28,M,urban,1158.0,11
C01072,57,M,rural,2367.0,18
C01073,45,M,urban,563.0,5
C01074,42,F,rural,842.0,7
C01075,26,M,rural,3061.0,18
C01076,54,F,urban,575.0,3
C01077,26,M,urban,1074.0,19
C01078,39,M,urban,1602.0,24
C01079,61,F,urban,1152.0,4
C01080,65,M,urban,2186.0,15
C01081,69,M,rural,2739.0,10
C01082,67,F,rural,1462.0,17
C01083,46,M,rural,2525.0,22
C01084,28,M,rural,628.0,4
C01085,61,F,rural,998.0,17
C01086,59,M,urban,4643.0,7
C01087,69,M,urban,3518.0,14
C01088,51,M,rural,510.0,12
C01089,25,F,urban,1088.0,14
C01090,44,M,urban,1190.0,19
C01091,41,M,rural,1408.0,16
C01092,61,F,urban,2355.0,10
C01093,38,F,urban,3306.0,17
C01094,35,F,rural,1122.0,16
C01095,22,M,urban,2150.0,4
C01096,61,M,urban,1618.0,16
C01097,57,M,urban,1083.0,10
C01098,20,F,urban,396.0,6
C01099,40,M,rural,2020.0,14
C01100,42,F,rural,1577.0,14
C01101,42,M,rural,1385.0,19
C01102,65,F,urban,609.0,12
C01103,25,F,urban,3553.0,19
C01104,33,M,rural,1202.0,9
C01105,27,F,urban,553.0,16
C01106,30,F,urban,502.0,24
C01107,65,M,rural,1647.0,15
C01108,66,M,rural,1676.0,17
C01109,20,F,rural,831.0,11
C01110,50,M,rural,1447.0,17
C01111,30,M,rural,1637.0,21
C01112,28,M,rural,1193.0,22
C01113,33,F,rural,720.0,23
C01114,28,M,urban,1952.0,9
C01115,43,F,urban,1813.0,21
C01116,69,M,urban,1542.0,10
C01117,48,M,rural,665.0,22
C01118,55,F,rural,493.0,3
C01119,43,M,rural,1148.0,22
C01120,18,M,urban,1916.0,7
C01121,22,M,rural,2047.0,7
C01122,31,F,urban,1557.0,15
C01123,30,M,urban,837.0,14
C01124,61,M,rural,677.0,6
C01125,61,M,rural,1086.0,14
C01126,62,M,rural,1092.0,20
C01127,51,M,urban,2131.0,13
C01128,46,M,urban,822.0,15
C01129,51,M,rural,864.0,21
C01130,39,M,urban,3763.0,6
C01131,52,F,rural,2781.0,10
C01132,59,F,urban,646.0,22
C01133,57,M,urban,2647.0,6
C01134,49,M,urban,559.0,8
C01135,21,M,rural,845.0,9
C01136,55,F,rural,905.0,21
C01137,37,M,urban,1047.0,6
C01138,56,M,urban,1591.0,11
C01139,46,M,rural,1169.0,11
C01140,63,M,rural,1586.0,4
C01141,35,M,urban,862.0,5
C01142,66,M,urban,1373.0,11
C01143,61,F,rural,1150.0,4
C01144,35,F,rural,477.0,24
C01145,43,F,urban,1465.0,12
C01146,45,F,urban,1162.0,3
C01147,57,M,urban,715.0,16
C01148,53,F,urban,850.0,19
C01149,62,F,urban,862.0,16
C01150,37,F,urban,947.0,15
C01151,44,F,urban,3151.0,5
C01152,40,M,urban,3844.0,19
C01153,65,M,rural,214.0,24
C01154,33,M,rural,1470.0,11
C01155,48,M,rural,1945.0,5
C01156,24,M,urban,963.0,7
C01157,62,M,rural,1914.0,17
C01158,37,M,rural,2959.0,17
C01159,35,F,rural,481.0,22
C01160,48,F,urban,1188.0,11
C01161,43,F,urban,3548.0,22
C01162,62,M,rural,522.0,9
C01163,45,F,urban,1023.0,14
C01164,44,F,urban,838.0,17
C01165,23,F,urban,2061.0,9
C01166,19,F,rural,2241.0,11
C01167,38,M,rural,1209.0,21
C01168,69,M,urban,1118.0,15
C01169,65,F,rural,391.0,16
C01170,50,F,rural,2576.0,16
C01171,50,M,urban,887.0,20
C01172,38,M,urban,1007.0,24
C01173,27,M,urban,1964.0,11
C01174,18,M,rural,1235.0,10
C01175,35,F,rural,2003.0,23
C01176,34,F,rural,1575.0,13
C01177,27,M,rural,1239.0,23
C01178,31,M,urban,1321.0,22
C01179,19,M,rural,559.0,19
C01180,49,M,rural,1003.0,18
C01181,66,M,rural,2102.0,23
C01182,53,F,rural,640.0,9
C01183,41,F,urban,714.0,12
C01184,39,M,urban,647.0,15
C01185,33,F,urban,1202.0,7
C01186,25,F,rural,2544.0,14
C01187,49,M,rural,1523.0,17
C01188,47,F,rural,297.0,14
C01189,18,F,urban,1618.0,17
C01190,39,F,urban,841.0,5
C01191,32,M,urban,1489.0,13
C01192,26,M,rural,1003.0,23
C01193,54,M,rural,654.0,8
C01194,45,M,rural,1051.0,13
C01195,50,M,rural,841.0,16
C01196,55,F,rural,1319.0,16
C01197,69,M,urban,644.0,6
C01198,59,M,urban,558.0,5
C01199,50,F,urban,1701.0,19
C01200,63,M,urban,2133.0,14
C01201,42,M,rural,1553.0,22
C01202,69,F,urban,743.0,24
C01203,57,M,rural,703.0,6
C01204,51,M,rural,728.0,10
C01205,64,F,rural,1871.0,21
C01206,44,M,rural,668.0,9
C01207,55,M,urban,1864.0,7
C01208,32,M,rural,1607.0,6
C01209,68,F,urban,2305.0,14
C01210,50,M,rural,2075.0,11
C01211,58,F,rural,1519.0,23
C01212,41,M,urban,454.0,24
C01213,63,F,urban,1581.0,4
C01214,21,M,rural,1175.0,22
C01215,23,M,rural,877.0,4
C01216,44,M,rural,2483.0,18
C01217,56,F,urban,1001.0,24
C01218,60,M,rural,798.0,10
C01219,40,M,rural,2153.0,6
C01220,51,M,urban,860.0,4
C01221,46,M,rural,775.0,10
C01222,67,F,rural,558.0,23
C01223,52,M,rural,670.0,13
C01224,39,M,urban,706.0,12
C01225,68,M,urban,1592.0,3
C01226,23,M,rural,595.0,17
C01227,69,M,rural,360.0,7
C01228,26,M,urban,1315.0,18
C01229,32,M,rural,750.0,21
C01230,60,F,urban,1086.0,20
C01231,56,M,rural,2367.0,14
C01232,68,F,urban,1145.0,17
C01233,56,M,urban,2713.0,11
C01234,51,M,rural,1053.0,18
C01235,36,M,urban,2007.0,18
C01236,18,M,rural,790.0,7
C01237,24,F,rural,1170.0,10
C01238,33,F,urban,627.0,20
C01239,20,F,rural,673.0,12
C01240,44,F,rural,958.0,8
C01241,58,M,rural,494.0,24
C01242,68,M,rural,1207.0,22
C01243,43,F,urban,914.0,20
C01244,63,M,urban,1262.0,12
C01245,69,M,urban,499.0,15
C01246,62,F,rural,1671.0,23
C01247,42,F,urban,3037.0,14
C01248,34,F,urban,2676.0,21
C01249,68,M,rural,3437.0,21
C01250,30,F,urban,1125.0,20
C01251,39,M,rural,888.0,16
C01252,21,M,rural,1469.0,10
C01253,59,M,urban,951.0,10
C01254,51,F,urban,386.0,20
C01255,22,F,urban,1793.0,12
C01256,29,F,rural,953.0,8
C01257,46,M,urban,455.0,7
C01258,46,M,rural,808.0,16
C01259,59,M,rural,966.0,24
C01260,31,F,urban,1104.0,11
C01261,66,M,rural,1112.0,17
C01262,41,M,rural,2493.0,9
C01263,60,F,urban,506.0,11
C01264,30,M,rural,1001.0,11
C01265,19,F,urban,647.0,10
C01266,20,M,rural,2330.0,21
C01267,37,F,urban,783.0,22
C01268,67,M,rural,892.0,8
C01269,20,M,rural,2059.0,10
C01270,37,M,rural,2428.0,3
C01271,23,M,rural,2653.0,19
C01272,66,F,urban,409.0,18
C01273,53,M,rural,1465.0,21
C01274,57,M,urban,1290.0,15
C01275,55,F,urban,1063.0,23
C01276,52,M,urban,1141.0,6
C01277,58,F,rural,2372.0,11
C01278,18,F,rural,2045.0,12
C01279,63,M,urban,1878.0,19
C01280,56,F,rural,1242.0,7
C01281,56,M,rural,4283.0,10
C01282,38,M,urban,862.0,5
C01283,59,M,rural,416.0,23
C01284,37,F,rural,935.0,12
C01285,20,F,rural,1135.0,3
C01286,65,M,rural,2397.0,8
C01287,30,F,rural,807.0,15
C01288,23,M,urban,1473.0,13
C01289,50,F,rural,452.0,14
C01290,30,F,urban,2098.0,4
C01291,62,F,urban,1143.0,22
C01292,41,F,urban,927.0,21
C01293,18,F,rural,3940.0,7
C01294,67,M,urban,2084.0,11
C01295,44,F,urban,588.0,4
C01296,31,F,urban,1027.0,5
C01297,53,F,rural,5663.0,21
C01298,45,M,urban,3595.0,5
C01299,19,F,urban,1908.0,10
C01300,57,M,urban,362.0,24
C01301,38,M,rural,2439.0,10
C01302,54,M,urban,749.0,18
C01303,64,M,urban,2426.0,5
C01304,49,F,rural,711.0,22
C01305,52,M,rural,1470.0,23
C01306,31,F,rural,747.0,23
C01307,30,F,rural,882.0,16
C01308,39,M,rural,1593.0,24
C01309,62,F,rural,497.0,18
C01310,45,M,rural,4553.0,11
C01311,36,F,rural,592.0,22
C01312,58,F,rural,573.0,9
C01313,62,M,rural,1596.0,21
C01314,64,F,urban,2381.0,23
C01315,33,M,rural,903.0,12
C01316,54,M,rural,577.0,8
C01317,48,F,rural,631.0,6
C01318,41,M,urban,591.0,14
C01319,38,F,urban,1319.0,17
C01320,23,M,rural,1052.0,15
C01321,32,M,rural,1416.0,17
C01322,46,F,urban,1365.0,3
C01323,64,M,rural,1798.0,4
C01324,63,F,urban,858.0,8
C01325,27,M,rural,704.0,22
C01326,53,F,rural,1204.0,14
C01327,22,F,rural,1061.0,10
C01328,53,M,urban,1276.0,17
C01329,35,M,urban,715.0,12
C01330,41,M,urban,1612.0,6
C01331,55,F,rural,541.0,14
C01332,40,M,rural,842.0,18
C01333,59,M,rural,2159.0,23
C01334,45,F,rural,556.0,11
C01335,69,M,urban,2059.0,6
C01336,51,M,urban,471.0,22
C01337,33,M,rural,424.0,11
C01338,58,M,rural,448.0,6
C01339,39,F,urban,1176.0,14
C01340,45,F,rural,1699.0,4
C01341,25,F,rural,2382.0,24
C01342,24,F,urban,2270.0,20
C01343,47,M,urban,1840.0,12
C01344,27,M,rural,666.0,14
C01345,69,F,urban,662.0,11
C01346,62,F,urban,1759.0,13
C01347,54,F,rural,2573.0,23
C01348,56,M,rural,591.0,18
C01349,48,F,urban,2384.0,17
C01350,21,F,urban,346.0,24
C01351,38,F,rural,1386.0,6
C01352,43,F,urban,1030.0,22
C01353,65,M,rural,970.0,6
C01354,29,M,rural,1117.0,8
C01355,43,M,urban,657.0,17
C01356,35,M,rural,1433.0,6
C01357,24,F,urban,1137.0,13
C01358,23,M,rural,1922.0,10
C01359,36,M,rural,2848.0,3
C01360,22,M,urban,1183.0,7
C01361,21,F,urban,671.0,12
C01362,36,M,rural,554.0,4
C01363,28,M,rural,3038.0,23
C01364,46,F,urban,2814.0,12
C01365,18,M,urban,1868.0,19
C01366,33,M,urban,1137.0,7
C01367,41,M,rural,1788.0,15
C01368,68,F,urban,2399.0,5
C01369,50,F,urban,757.0,7
C01370,63,F,urban,1116.0,18
C01371,35,M,rural,565.0,10
C01372,41,F,rural,1015.0,24
C01373,39,F,rural,2770.0,24
C01374,64,M,rural,2095.0,5
C01375,67,M,rural,1189.0,17
C01376,68,M,urban,218.0,20
C01377,57,F,urban,740.0,9
C01378,44,M,urban,1166.0,21
C01379,46,M,urban,963.0,19
C01380,68,F,rural,1118.0,10
C01381,32,F,urban,1268.0,5
C01382,36,F,rural,796.0,12
C01383,64,F,urban,1092.0,11
C01384,38,M,rural,1003.0,14
C01385,30,F,urban,719.0,8
C01386,47,M,urban,3320.0,9
C01387,34,M,urban,824.0,22
C01388,64,F,rural,284.0,21
C01389,65,M,rural,3197.0,19
C01390,33,M,rural,660.0,10
C01391,45,F,rural,1882.0,13
C01392,69,M,rural,729.0,9
C01393,56,M,rural,1543.0,11
C01394,29,F,urban,1065.0,14
C01395,48,F,urban,1999.0,21
C01396,50,F,urban,965.0,20
C01397,51,M,rural,740.0,7
C01398,19,F,rural,1279.0,23
C01399,33,F,rural,872.0,4
C01400,62,M,rural,345.0,4
C01401,30,M,urban,764.0,21
C01402,33,M,rural,6132.0,9
C01403,34,M,rural,368.0,21
C01404,27,M,rural,1267.0,4
C01405,26,F,urban,948.0,8
C01406,36,F,urban,3301.0,21
C01407,63,M,urban,563.0,7
C01408,18,F,rural,1165.0,14
C01409,32,M,rural,1655.0,18
C01410,21,M,urban,985.0,10
C01411,47,F,rural,692.0,6
C01412,31,M,rural,1082.0,21
C01413,59,F,rural,911.0,16
C01414,48,M,rural,909.0,23
C01415,58,M,rural,1917.0,18
C01416,51,M,rural,1397.0,19
C01417,40,M,rural,1527.0,16
C01418,62,F,urban,1337.0,17
C01419,42,F,urban,1951.0,12
C01420,67,M,rural,2398.0,23
C01421,69,M,rural,923.0,20
C01422,48,F,rural,1793.0,8
C01423,53,F,rural,504.0,23
C01424,31,M,rural,284.0,8
C01425,60,M,urban,3281.0,18
C01426,52,M,urban,898.0,23
C01427,64,M,urban,1276.0,12
C01428,31,M,urban,526.0,7
C01429,58,M,urban,511.0,24
C01430,42,M,rural,715.0,20
C01431,27,M,urban,1613.0,12
C01432,26,M,rural,804.0,24
C01433,47,F,rural,897.0,5
C01434,34,F,urban,702.0,14
C01435,23,M,rural,2207.0,7
C01436,40,M,rural,1847.0,7
C01437,51,M,rural,820.0,10
C01438,34,F,rural,1653.0,15
C01439,67,F,urban,947.0,6
C01440,58,M,urban,896.0,14
C01441,44,F,rural,1064.0,20
C01442,66,F,urban,1613.0,6
C01443,40,F,rural,642.0,3
C01444,25,M,urban,1482.0,19
C01445,19,M,rural,4908.0,11
C01446,66,F,rural,1224.0,7
C01447,67,M,urban,1120.0,22
C01448,56,F,urban,1043.0,12
C01449,23,F,urban,1461.0,5
C01450,33,M,rural,417.0,9
C01451,20,M,rural,3043.0,15
C01452,20,M,urban,1976.0,9
C01453,30,M,rural,745.0,23
C01454,47,F,urban,1118.0,16
C01455,21,F,rural,785.0,4
C01456,69,M,rural,1312.0,10
C01457,41,F,rural,1138.0,10
C01458,31,M,rural,1258.0,6
C01459,44,F,urban,592.0,3
C01460,59,M,urban,821.0,5
C01461,34,F,rural,2181.0,18
C01462,20,F,urban,796.0,8
C01463,20,M,urban,225.0,12
C01464,62,F,urban,1002.0,6
C01465,23,F,rural,4661.0,23
C01466,51,M,rural,1825.0,24
C01467,37,F,rural,772.0,18
C01468,58,F,urban,1064.0,10
C01469,21,F,urban,1649.0,16
C01470,64,M,urban,382.0,11
C01471,54,F,rural,656.0,23
C01472,41,F,urban,1393.0,16
C01473,28,F,rural,2855.0,5
C01474,68,M,rural,843.0,5
C01475,33,M,rural,2808.0,20
C01476,43,F,rural,697.0,19
C01477,38,M,rural,144.0,19
C01478,29,M,rural,1713.0,10
C01479,39,M,urban,1517.0,17
C01480,25,F,rural,1706.0,8
C01481,18,M,rural,1666.0,17
C01482,33,F,rural,1230.0,10
C01483,23,F,urban,939.0,5
C01484,39,F,rural,961.0,21
C01485,62,F,rural,832.0,20
C01486,26,M,rural,862.0,20
C01487,18,F,rural,370.0,16
C01488,23,M,rural,529.0,17
C01489,44,F,urban,994.0,19
C01490,32,M,rural,286.0,15
C01491,43,F,urban,329.0,22
C01492,19,F,rural,897.0,19
C01493,35,M,rural,1015.0,14
C01494,39,F,urban,909.0,15
C01495,40,M,urban,263.0,24
C01496,46,M,rural,2783.0,14
C01497,58,M,rural,463.0,5
C01498,42,M,rural,671.0,21
C01499,61,F,urban,514.0,3
C01500,45,F,rural,2391.0,8
C01501,31,M,urban,1412.0,10
C01502,29,F,urban,826.0,3
C01503,34,F,rural,791.0,7
C01504,49,F,urban,1221.0,6
C01505,30,M,rural,519.0,15
C01506,65,F,urban,1378.0,22
C01507,42,M,urban,789.0,9
C01508,62,F,rural,1498.0,11
C01509,53,F,urban,1468.0,18
C01510,35,F,urban,768.0,17
C01511,29,M,urban,320.0,23
C01512,56,M,urban,946.0,14
C01513,35,F,rural,460.0,19
C01514,30,M,urban,1150.0,21
C01515,66,M,rural,940.0,12
C01516,43,F,rural,771.0,21
C01517,20,F,rural,504.0,24
C01518,43,M,rural,2235.0,5
C01519,41,M,rural,835.0,19
C01520,62,F,rural,4501.0,16
C01521,55,M,urban,1120.0,20
C01522,27,M,rural,1354.0,15
C01523,25,M,urban,1123.0,7
C01524,49,M,rural,1346.0,12
C01525,20,F,rural,2112.0,18
C01526,34,M,urban,2127.0,22
C01527,25,M,urban,380.0,4
C01528,19,M,urban,1832.0,7
C01529,65,M,urban,1478.0,8
C01530,22,M,rural,1121.0,16
C01531,18,F,urban,3064.0,3
C01532,66,F,rural,3139.0,23
C01533,27,M,rural,1887.0,18
C01534,60,M,urban,791.0,22
C01535,19,M,urban,536.0,3
C01536,25,M,urban,1724.0,9
C01537,23,F,rural,2479.0,12
C01538,54,M,urban,325.0,19
C01539,50,F,urban,2104.0,17
C01540,42,F,rural,941.0,12
C01541,30,M,rural,370.0,9
C01542,22,F,urban,1453.0,10
C01543,47,M,rural,1892.0,11
C01544,29,M,rural,888.0,18
C01545,48,F,rural,581.0,22
C01546,53,M,urban,3063.0,13
C01547,62,F,rural,734.0,22
C01548,43,F,urban,2199.0,9
C01549,18,M,rural,442.0,21
C01550,32,F,urban,1408.0,3
C01551,62,M,rural,1384.0,19
C01552,45,F,rural,1852.0,23
C01553,50,M,rural,2686.0,9
C01554,41,M,rural,673.0,17
C01555,26,M,urban,1499.0,4
C01556,64,F,urban,483.0,21
C01557,58,M,rural,480.0,13
C01558,69,F,urban,775.0,12
C01559,62,M,urban,1402.0,23
C01560,33,M,rural,2999.0,23
C01561,31,M,urban,3345.0,7
C01562,30,M,urban,886.0,24
C01563,65,F,rural,1317.0,7
C01564,46,M,rural,1931.0,20
C01565,41,F,rural,1736.0,20
C01566,68,F,urban,991.0,14
C01567,49,M,rural,1148.0,16
C01568,65,F,rural,1026.0,11
C01569,69,F,urban,968.0,11
C01570,22,F,rural,894.0,14
C01571,36,M,rural,1021.0,21
C01572,56,F,rural,860.0,13
C01573,60,F,urban,555.0,15
C01574,25,M,rural,1840.0,18
C01575,34,F,urban,1495.0,23
C01576,46,M,urban,3381.0,21
C01577,59,F,urban,1369.0,11
C01578,23,F,rural,854.0,21
C01579,49,F,urban,753.0,12
C01580,33,F,rural,1128.0,5
C01581,29,F,rural,1528.0,4
C01582,44,F,urban,947.0,7
C01583,39,M,rural,454.0,11
C01584,51,M,rural,704.0,11
C01585,34,M,urban,1109.0,6
C01586,60,M,rural,1710.0,6
C01587,22,F,rural,450.0,3
C01588,62,F,rural,1286.0,23
C01589,19,M,rural,1252.0,8
C01590,56,M,rural,836.0,17
C01591,36,F,rural,771.0,13
C01592,37,M,urban,705.0,10
C01593,18,F,urban,1193.0,8
C01594,54,F,rural,2156.0,4
C01595,26,M,urban,2250.0,5
C01596,52,M,urban,559.0,17
C01597,55,M,urban,980.0,12
C01598,61,M,rural,294.0,24
C01599,54,M,rural,1171.0,6
C01600,33,M,urban,1570.0,23
C01601,56,M,urban,2815.0,4
C01602,60,M,urban,375.0,19
C01603,34,M,urban,571.0,24
C01604,24,F,rural,1196.0,6
C01605,64,M,urban,415.0,13
C01606,25,F,rural,1216.0,23
C01607,48,M,urban,1594.0,20
C01608,30,M,urban,508.0,7
C01609,24,M,rural,1187.0,6
C01610,58,F,urban,530.0,10
C01611,25,M,urban,2503.0,13
C01612,52,M,urban,1241.0,9
C01613,54,M,rural,747.0,4
C01614,21,F,urban,522.0,13
C01615,26,M,rural,1385.0,12
C01616,59,M,rural,2477.0,9
C01617,44,F,rural,690.0,21
C01618,24,M,rural,842.0,9
C01619,69,M,rural,698.0,22
C01620,31,F,rural,2789.0,3
C01621,18,M,rural,349.0,14
C01622,66,M,rural,2372.0,23
C01623,18,M,rural,875.0,9
C01624,46,M,urban,1051.0,17
C01625,69,F,rural,894.0,19
C01626,48,F,urban,1266.0,10
C01627,48,F,rural,708.0,17
C01628,38,M,urban,2069.0,17
C01629,24,F,urban,2120.0,13
C01630,47,F,urban,608.0,11
C01631,64,M,urban,1637.0,13
C01632,22,F,urban,885.0,6
C01633,63,F,urban,1131.0,13
C01634,39,F,rural,2738.0,10
C01635,45,M,urban,732.0,10
C01636,26,M,rural,1912.0,8
C01637,50,F,rural,1443.0,14
C01638,27,F,urban,976.0,3
C01639,32,M,urban,1367.0,4
C01640,55,M,urban,1273.0,7
C01641,20,F,urban,547.0,15
C01642,41,M,rural,762.0,8
C01643,48,M,rural,586.0,13
C01644,24,F,rural,929.0,6
C01645,33,M,urban,2458.0,12
C01646,35,M,rural,1554.0,12
C01647,52,M,urban,464.0,10
C01648,68,F,rural,931.0,4
C01649,61,M,rural,1262.0,16
C01650,27,F,urban,1714.0,7
C01651,18,F,rural,742.0,13
C01652,20,F,rural,522.0,18
C01653,48,M,rural,1060.0,5
C01654,26,M,urban,1543.0,17
C01655,30,M,rural,1263.0,11
C01656,62,F,urban,645.0,14
C01657,63,F,urban,3142.0,4
C01658,61,F,rural,1034.0,13
C01659,31,M,urban,1232.0,11
C01660,50,M,urban,737.0,6
C01661,49,F,rural,2130.0,14
C01662,27,M,urban,1546.0,17
C01663,46,F,rural,1325.0,11
C01664,45,M,rural,549.0,16
C01665,38,F,urban,2114.0,10
C01666,57,F,rural,1727.0,21
C01667,53,M,rural,2016.0,9
C01668,45,M,rural,1121.0,20
C01669,55,F,rural,1048.0,11
C01670,57,M,rural,983.0,15
C01671,47,M,rural,4304.0,4
C01672,31,M,urban,792.0,4
C01673,57,M,urban,538.0,24
C01674,55,F,rural,877.0,3
C01675,69,M,rural,796.0,15
C01676,25,M,rural,2335.0,13
C01677,39,F,urban,486.0,16
C01678,66,M,rural,783.0,3
C01679,44,M,urban,1229.0,7
C01680,67,F,urban,2347.0,10
C01681,18,F,rural,1682.0,23
C01682,19,F,urban,2897.0,10
C01683,59,F,rural,1349.0,15
C01684,36,M,urban,971.0,15
C01685,45,M,rural,1832.0,12
C01686,40,F,rural,483.0,21
C01687,39,F,urban,393.0,18
C01688,66,F,rural,1970.0,12
C01689,22,M,rural,1244.0,9
C01690,58,M,urban,1956.0,9
C01691,64,M,rural,658.0,23
C01692,52,F,rural,2371.0,5
C01693,38,F,urban,1640.0,6
C01694,26,M,rural,1076.0,8
C01695,53,M,urban,1242.0,21
C01696,42,M,urban,1350.0,18
C01697,25,M,urban,656.0,24
C01698,36,F,rural,870.0,18
C01699,68,F,rural,1338.0,13
C01700,31,M,urban,850.0,3
C01701,27,F,urban,454.0,22
C01702,53,F,urban,1309.0,17
C01703,28,M,rural,1811.0,4
C01704,65,M,urban,2082.0,24
C01705,62,M,urban,1509.0,16
C01706,69,M,urban,1792.0,16
C01707,65,M,rural,1983.0,10
C01708,30,F,rural,1150.0,10
C01709,29,M,rural,308.0,11
C01710,35,M,urban,2199.0,4
C01711,42,F,rural,642.0,12
C01712,63,M,rural,556.0,4
C01713,56,F,rural,566.0,16
C01714,51,F,urban,4870.0,7
C01715,63,F,urban,1428.0,16
C01716,51,F,rural,587.0,11
C01717,37,F,urban,728.0,9
C01718,39,F,rural,1096.0,6
C01719,44,M,urban,1518.0,11
C01720,22,M,urban,1297.0,4
C01721,56,M,rural,628.0,8
C01722,51,M,urban,1326.0,13
C01723,56,M,urban,760.0,16
C01724,45,M,rural,2055.0,13
C01725,58,M,urban,1134.0,5
C01726,67,M,rural,695.0,18
C01727,47,M,urban,1658.0,12
C01728,41,F,rural,1380.0,16
C01729,23,F,rural,825.0,24
C01730,58,F,urban,1699.0,4
C01731,65,M,rural,1600.0,24
C01732,54,F,rural,2255.0,23
C01733,63,F,rural,1679.0,14
C01734,62,M,urban,965.0,3
C01735,59,F,rural,398.0,8
C01736,44,M,rural,1227.0,7
C01737,23,F,rural,1346.0,15
C01738,18,F,rural,1131.0,18
C01739,28,M,rural,180.0,13
C01740,40,F,rural,1648.0,10
C01741,56,M,rural,634.0,3
C01742,41,M,rural,1655.0,23
C01743,19,M,rural,3042.0,24
C01744,28,M,urban,942.0,3
C01745,68,M,rural,1427.0,10
C01746,69,F,urban,1118.0,24
C01747,37,M,rural,1503.0,11
C01748,59,M,rural,1167.0,16
C01749,55,F,rural,804.0,14
C01750,66,M,urban,637.0,16
C01751,64,M,rural,2848.0,22
C01752,50,F,urban,1427.0,11
C01753,38,F,rural,1805.0,20
C01754,50,M,rural,1393.0,13
C01755,34,M,rural,1969.0,7
C01756,36,F,urban,641.0,4
C01757,49,F,rural,1153.0,18
C01758,47,M,rural,1485.0,16
C01759,48,M,rural,2382.0,22
C01760,38,M,rural,5453.0,8
C01761,39,F,rural,1400.0,18
C01762,18,F,urban,738.0,3
C01763,49,F,urban,535.0,6
C01764,47,M,rural,637.0,16
C01765,66,F,rural,689.0,14
C01766,44,F,urban,192.0,16
C01767,42,M,rural,731.0,21
C01768,21,F,urban,1686.0,21
C01769,28,M,urban,1147.0,7
C01770,35,M,rural,939.0,7
C01771,37,F,rural,414.0,14
C01772,36,M,rural,2060.0,24
C01773,38,F,urban,1491.0,17
C01774,57,M,rural,1088.0,6
C01775,24,M,rural,293.0,16
C01776,35,M,rural,817.0,10
C01777,26,M,urban,1423.0,5
C01778,34,M,rural,1078.0,18
C01779,53,F,urban,1230.0,9
C01780,20,M,rural,1655.0,20
C01781,35,M,rural,1203.0,15
C01782,19,F,urban,1619.0,12
C01783,67,M,urban,661.0,7
C01784,55,F,rural,527.0,9
C01785,30,M,rural,1460.0,10
C01786,28,M,urban,1652.0,18
C01787,23,F,urban,1497.0,12
C01788,42,F,rural,1187.0,3
C01789,57,F,urban,903.0,3
C01790,48,M,rural,1245.0,9
C01791,63,M,rural,1377.0,14
C01792,35,F,urban,1427.0,10
C01793,32,F,rural,5241.0,24
C01794,42,F,rural,631.0,8
C01795,28,F,rural,7598.0,11
C01796,68,F,rural,516.0,11
C01797,27,M,urban,1382.0,9
C01798,42,F,urban,535.0,22
C01799,45,M,rural,1318.0,8
C01800,20,M,rural,1977.0,3
C01801,42,F,urban,1118.0,14
C01802,41,M,urban,1966.0,16
C01803,31,M,rural,850.0,13
C01804,24,F,urban,321.0,12
C01805,20,F,rural,1597.0,21
C01806,18,M,rural,1117.0,11
C01807,43,F,urban,822.0,17
C01808,22,M,rural,857.0,21
C01809,67,F,urban,1400.0,11
C01810,30,M,rural,673.0,14
C01811,51,M,rural,1374.0,11
C01812,53,M,rural,2238.0,16
C01813,43,M,rural,3775.0,15
C01814,63,M,rural,2547.0,21
C01815,23,M,rural,1208.0,8
C01816,30,F,rural,1280.0,6
C01817,31,M,urban,863.0,12
C01818,25,M,rural,829.0,16
C01819,33,F,rural,1851.0,9
C01820,34,F,urban,912.0,24
C01821,57,F,rural,1366.0,14
C01822,33,M,rural,616.0,20
C01823,63,M,rural,2495.0,15
C01824,58,F,urban,904.0,11
C01825,64,F,rural,2107.0,21
C01826,23,M,rural,719.0,6
C01827,69,F,urban,696.0,8
C01828,49,F,rural,2433.0,19
C01829,69,F,rural,753.0,22
C01830,36,M,urban,428.0,9
C01831,67,F,rural,588.0,14
C01832,48,M,urban,1834.0,13
C01833,21,F,rural,1731.0,18
C01834,39,M,rural,694.0,13
C01835,25,M,rural,751.0,16
C01836,66,M,rural,1642.0,17
C01837,33,F,urban,2415.0,21
C01838,29,F,urban,1052.0,6
C01839,46,F,rural,1529.0,17
C01840,40,F,urban,1852.0,6
C01841,23,F,urban,3991.0,3
C01842,60,F,urban,548.0,18
C01843,61,M,rural,734.0,11
C01844,56,F,rural,809.0,18
C01845,50,M,urban,1802.0,23
C01846,38,M,urban,943.0,5
C01847,46,M,urban,1323.0,12
C01848,45,M,urban,1180.0,5
C01849,26,F,urban,1098.0,21
C01850,22,F,rural,1170.0,24
C01851,31,M,rural,2034.0,22
C01852,41,F,urban,613.0,24
C01853,26,M,rural,1003.0,10
C01854,23,M,rural,529.0,9
C01855,62,M,urban,1256.0,21
C01856,37,M,urban,975.0,17
C01857,48,M,rural,2083.0,11
C01858,45,M,urban,1093.0,7
C01859,56,M,rural,840.0,3
C01860,56,M,rural,946.0,3
C01861,33,F,rural,3084.0,18
C01862,62,M,urban,427.0,8
C01863,37,M,urban,753.0,21
C01864,61,M,rural,1121.0,21
C01865,39,M,rural,749.0,12
C01866,23,M,urban,1472.0,9
C01867,57,M,rural,1060.0,6
C01868,19,F,urban,1279.0,8
C01869,58,F,rural,1177.0,16
C01870,20,F,rural,1031.0,19
C01871,28,F,rural,505.0,19
C01872,49,M,rural,1219.0,24
C01873,66,M,rural,381.0,17
C01874,39,M,rural,733.0,14
C01875,24,M,urban,1471.0,10
C01876,30,M,rural,2239.0,10
C01877,64,M,urban,4490.0,11
C01878,55,F,urban,848.0,22
C01879,23,M,rural,653.0,15
C01880,38,M,urban,1500.0,7
C01881,31,F,urban,3368.0,7
C01882,27,M,rural,2751.0,3
C01883,62,F,urban,589.0,21
C01884,50,F,rural,1008.0,7
C01885,27,F,urban,1827.0,5
C01886,51,M,rural,1904.0,9
C01887,39,M,rural,1564.0,13
C01888,21,F,urban,838.0,24
C01889,41,F,rural,1556.0,21
C01890,27,F,urban,1915.0,6
C01891,30,M,urban,627.0,14
C01892,63,M,urban,2436.0,21
C01893,54,M,urban,1989.0,19
C01894,24,M,urban,703.0,13
C01895,62,M,rural,1910.0,8
C01896,47,F,rural,1786.0,20
C01897,63,M,rural,1827.0,12
C01898,56,F,rural,2823.0,8
C01899,35,F,urban,1090.0,18
C01900,45,M,urban,1338.0,22
C01901,45,M,urban,225.0,22
C01902,55,F,rural,2142.0,23
C01903,30,M,rural,2022.0,17
C01904,35,M,urban,2474.0,19
C01905,30,F,urban,625.0,8
C01906,33,F,urban,1953.0,10
C01907,26,F,rural,2021.0,6
C01908,19,F,rural,742.0,4
C01909,66,M,rural,2066.0,21
C01910,21,F,rural,1448.0,13
C01911,64,F,urban,396.0,15
C01912,18,F,urban,1557.0,4
C01913,58,F,rural,692.0,7
C01914,35,F,rural,401.0,4
C01915,44,F,urban,1366.0,13
C01916,32,M,urban,1054.0,15
C01917,43,F,urban,2546.0,5
C01918,41,M,urban,1223.0,18
C01919,45,F,urban,1750.0,5
C01920,38,F,urban,1488.0,21
C01921,45,F,rural,2023.0,23
C01922,60,M,rural,644.0,17
C01923,40,M,rural,1235.0,14
C01924,36,M,rural,1008.0,19
C01925,24,M,rural,1623.0,8
C01926,36,M,rural,1279.0,23
C01927,24,F,urban,759.0,22
C01928,27,M,urban,895.0,18
C01929,67,F,urban,2949.0,24
C01930,22,M,rural,397.0,9
C01931,43,F,urban,1678.0,22
C01932,61,F,urban,2310.0,3
C01933,67,F,rural,1552.0,19
C01934,25,F,rural,3578.0,9
C01935,26,F,rural,1926.0,24
C01936,37,F,rural,1381.0,15
C01937,46,F,rural,829.0,7
C01938,67,M,rural,1396.0,9
C01939,28,M,urban,1651.0,22
C01940,26,F,rural,1099.0,20
C01941,31,M,rural,702.0,10
C01942,63,M,urban,532.0,8
C01943,19,F,rural,1226.0,3
C01944,37,M,rural,451.0,5
C01945,24,F,rural,826.0,3
C01946,26,F,rural,255.0,10
C01947,65,F,urban,1808.0,7
C01948,18,F,urban,2192.0,3
C01949,34,F,urban,1150.0,20
C01950,65,F,rural,3291.0,22
C01951,49,F,rural,2461.0,22
C01952,21,M,rural,1462.0,21
C01953,42,F,rural,1025.0,5
C01954,68,F,rural,889.0,6
C01955,38,M,urban,1537.0,21
C01956,45,M,urban,1008.0,3
C01957,45,F,rural,1524.0,19
C01958,52,M,rural,1593.0,5
C01959,27,F,urban,956.0,4
C01960,61,M,rural,2116.0,20
C01961,69,M,rural,956.0,19
C01962,25,F,urban,1111.0,4
C01963,60,M,rural,610.0,3
C01964,60,M,rural,932.0,22
C01965,56,F,rural,4003.0,8
C01966,37,M,urban,639.0,24
C01967,42,M,urban,1426.0,14
C01968,61,F,urban,835.0,24
C01969,25,F,rural,291.0,23
C01970,61,F,rural,1534.0,16
C01971,65,M,rural,786.0,5
C01972,53,M,rural,1328.0,22
C01973,35,F,urban,1986.0,10
C01974,47,F,rural,1262.0,8
C01975,20,M,urban,1335.0,15
C01976,66,F,urban,651.0,10
C01977,35,M,rural,1676.0,19
C01978,20,F,rural,979.0,8
C01979,59,F,rural,331.0,23
C01980,52,F,rural,1801.0,5
C01981,50,F,urban,2164.0,13
C01982,20,M,urban,2667.0,24
C01983,57,F,urban,4034.0,21
C01984,51,M,rural,1744.0,21
C01985,59,F,rural,1493.0,16
C01986,61,F,urban,2111.0,15
C01987,29,M,rural,644.0,7
C01988,28,M,rural,402.0,9
C01989,66,M,rural,824.0,15
C01990,45,M,urban,2360.0,9
C01991,40,M,urban,738.0,9
C01992,32,F,rural,1450.0,17
C01993,51,M,rural,1547.0,18
C01994,57,F,urban,1270.0,13
C01995,18,F,urban,509.0,9
C01996,46,F,rural,1347.0,6
C01997,69,M,rural,852.0,8
C01998,32,F,urban,3046.0,10
C01999,32,F,rural,2169.0,23
C02000,63,F,rural,870.0,10
C02001,21,F,urban,3164.0,22
C02002,38,F,urban,1348.0,14
C02003,41,M,rural,402.0,12
C02004,59,F,rural,1046.0,8
C02005,24,M,urban,2925.0,19
C02006,40,F,rural,671.0,21
C02007,25,M,rural,1053.0,24
C02008,58,M,rural,485.0,21
C02009,50,M,urban,533.0,4
C02010,43,M,urban,665.0,22
C02011,38,F,urban,525.0,16
C02012,25,M,rural,757.0,14
C02013,65,F,rural,3112.0,8
C02014,51,M,rural,1073.0,14
C02015,34,F,urban,1757.0,20
C02016,39,M,rural,2111.0,15
C02017,55,M,rural,564.0,5
C02018,55,M,rural,666.0,19
C02019,41,F,urban,1736.0,20
C02020,33,F,rural,750.0,17
C02021,52,F,urban,1669.0,7
C02022,52,M,urban,3000.0,9
C02023,49,M,rural,458.0,13
C02024,21,M,urban,885.0,22
C02025,42,M,urban,974.0,20
C02026,49,F,rural,800.0,5
C02027,67,M,urban,761.0,4
C02028,45,F,rural,816.0,4
C02029,35,F,rural,1087.0,23
C02030,46,M,rural,1211.0,22
C02031,27,M,urban,1943.0,7
C02032,22,M,rural,1080.0,23
C02033,53,M,rural,2145.0,14
C02034,69,M,urban,769.0,9
C02035,61,F,rural,533.0,19
C02036,48,M,rural,913.0,4
C02037,20,F,urban,1447.0,5
C02038,69,F,urban,1838.0,8
C02039,41,F,rural,2634.0,16
C02040,33,F,rural,1305.0,21
C02041,64,M,rural,1723.0,14
C02042,56,M,urban,2493.0,12
C02043,56,M,urban,687.0,15
C02044,32,F,rural,967.0,3
C02045,69,F,rural,5782.0,17
C02046,41,M,urban,1833.0,20
C02047,45,M,rural,1490.0,12
C02048,57,M,urban,1875.0,17
C02049,52,M,urban,492.0,9
C02050,26,F,rural,744.0,23
C02051,33,M,urban,597.0,7
C02052,36,M,rural,1410.0,6
C02053,67,M,urban,879.0,23
C02054,55,M,rural,1161.0,14
C02055,37,M,urban,910.0,11
C02056,56,F,rural,413.0,20
C02057,56,M,rural,1865.0,9
C02058,38,F,urban,381.0,9
C02059,38,M,urban,709.0,4
C02060,64,M,rural,498.0,14
C02061,47,M,urban,647.0,19
C02062,25,M,rural,1238.0,24
C02063,55,M,rural,2301.0,14
C02064,48,M,rural,430.0,4
C02065,44,F,urban,785.0,7
C02066,55,F,urban,384.0,9
C02067,65,F,urban,763.0,22
C02068,35,M,urban,1145.0,15
C02069,39,F,urban,1738.0,23
C02070,27,F,rural,308.0,21
C02071,51,M,urban,1526.0,22
C02072,38,M,urban,612.0,9
C02073,35,M,urban,529.0,15
C02074,54,F,urban,1142.0,4
C02075,39,M,rural,1598.0,11
C02076,42,M,urban,1032.0,9
C02077,40,F,rural,569.0,6
C02078,31,M,rural,1032.0,4
C02079,24,F,urban,710.0,11
C02080,61,F,rural,1576.0,4
C02081,22,F,urban,2091.0,16
C02082,34,F,urban,2012.0,9
C02083,52,M,rural,1084.0,7
C02084,24,F,rural,2151.0,5
C02085,52,F,urban,594.0,13
C02086,56,F,rural,3196.0,6
C02087,52,M,urban,592.0,15
C02088,33,M,rural,324.0,24
C02089,19,M,rural,2488.0,19
C02090,64,M,urban,716.0,5
C02091,34,F,rural,1176.0,5
C02092,59,F,rural,591.0,22
C02093,28,F,urban,4529.0,22
C02094,26,F,rural,3272.0,10
C02095,58,M,rural,2774.0,13
C02096,66,M,urban,1156.0,11
C02097,62,M,rural,1975.0,15
C02098,57,M,rural,1062.0,7
C02099,30,M,rural,2150.0,23
C02100,65,M,urban,857.0,11
C02101,52,M,rural,2838.0,6
C02102,26,F,rural,832.0,9
C02103,24,M,rural,890.0,22
C02104,63,M,urban,829.0,9
C02105,32,M,rural,1231.0,20
C02106,57,F,rural,869.0,19
C02107,25,F,urban,1469.0,24
C02108,32,M,urban,822.0,6
C02109,32,M,rural,1762.0,11
C02110,32,F,rural,2727.0,21
C02111,53,F,rural,1149.0,5
C02112,65,F,urban,4151.0,3
C02113,65,M,rural,2157.0,3
C02114,56,F,urban,3956.0,4
C02115,28,F,rural,1057.0,20
C02116,67,M,urban,405.0,10
C02117,46,F,urban,718.0,6
C02118,46,M,rural,763.0,18
C02119,54,F,rural,619.0,9
C02120,57,M,urban,294.0,6
C02121,67,M,urban,2028.0,24
C02122,48,F,rural,359.0,15
C02123,49,F,rural,1915.0,12
C02124,56,M,urban,4070.0,23
C02125,31,F,rural,687.0,8
C02126,34,M,urban,1384.0,15
C02127,50,M,rural,863.0,19
C02128,21,F,urban,1801.0,3
C02129,34,M,urban,536.0,8
C02130,55,M,rural,1013.0,5
C02131,68,F,urban,2149.0,14
C02132,45,M,rural,1065.0,17
C02133,38,M,urban,413.0,6
C02134,40,M,urban,2310.0,6
C02135,53,F,rural,504.0,13
C02136,46,M,rural,1150.0,11
C02137,19,M,urban,1556.0,5
C02138,46,F,rural,1178.0,17
C02139,38,M,urban,5026.0,20
C02140,54,M,rural,1703.0,12
C02141,63,F,urban,971.0,11
C02142,68,F,rural,1574.0,6
C02143,49,M,urban,1244.0,10
C02144,36,F,rural,1126.0,14
C02145,41,F,rural,1269.0,24
C02146,27,M,rural,845.0,7
C02147,66,F,urban,1246.0,21
C02148,62,F,urban,810.0,14
C02149,62,F,urban,352.0,15
C02150,35,F,rural,2174.0,9
C02151,34,F,urban,781.0,23
C02152,62,F,rural,1194.0,4
C02153,46,F,urban,695.0,7
C02154,54,F,rural,708.0,9
C02155,43,F,rural,588.0,15
C02156,41,F,rural,1937.0,12
C02157,50,F,rural,2239.0,23
C02158,60,M,rural,1114.0,7
C02159,35,M,rural,795.0,15
C02160,60,F,rural,397.0,13
C02161,30,M,rural,1767.0,9
C02162,38,F,urban,731.0,3
C02163,65,F,urban,561.0,20
C02164,67,F,rural,1116.0,7
C02165,66,M,rural,897.0,6
C02166,34,F,urban,441.0,15
C02167,61,M,urban,479.0,6
C02168,66,M,rural,1342.0,17
C02169,68,M,urban,740.0,19
C02170,19,M,rural,1489.0,8
C02171,56,M,rural,1197.0,4
C02172,69,F,urban,2056.0,5
C02173,57,F,urban,666.0,4
C02174,30,M,urban,1261.0,13
C02175,57,M,urban,1608.0,11
C02176,23,M,rural,753.0,20
C02177,42,F,rural,2157.0,11
C02178,50,F,rural,404.0,17
C02179,41,M,urban,665.0,13
C02180,54,M,rural,395.0,12
C02181,30,M,urban,705.0,19
C02182,49,F,rural,999.0,14
C02183,51,M,urban,1806.0,15
C02184,50,M,rural,999.0,12
C02185,33,M,rural,767.0,18
C02186,33,M,urban,433.0,9
C02187,31,M,rural,529.0,4
C02188,42,M,urban,1321.0,12
C02189,48,F,urban,1861.0,9
C02190,36,M,rural,853.0,22
C02191,39,M,rural,2268.0,24
C02192,32,F,urban,620.0,7
C02193,29,M,urban,868.0,12
C02194,52,F,urban,913.0,12
C02195,60,F,rural,2745.0,7
C02196,33,M,rural,1188.0,3
C02197,62,F,urban,373.0,24
C02198,47,F,urban,1941.0,17
C02199,26,F,rural,3319.0,12
C02200,37,M,rural,944.0,7
C02201,18,M,urban,640.0,13
C02202,20,M,rural,1842.0,8
C02203,35,F,urban,3564.0,7
C02204,41,F,urban,1825.0,24
C02205,59,M,rural,414.0,17
C02206,24,M,rural,1725.0,9
C02207,61,M,urban,1398.0,7
C02208,30,M,rural,618.0,19
C02209,25,F,rural,2376.0,16
C02210,54,M,rural,1427.0,21
C02211,58,F,rural,2414.0,19
C02212,49,F,rural,580.0,11
C02213,24,F,rural,1393.0,17
C02214,23,F,urban,641.0,11
C02215,38,M,rural,1272.0,4
C02216,41,F,urban,2661.0,3
C02217,69,F,rural,466.0,4
C02218,32,M,urban,482.0,23
C02219,28,M,urban,1946.0,21
C02220,67,M,rural,1087.0,11
C02221,26,M,urban,2214.0,22
C02222,19,M,urban,676.0,19
C02223,39,M,urban,1131.0,5
C02224,38,F,rural,1657.0,7
C02225,50,M,urban,1244.0,11
C02226,63,M,urban,375.0,20
C02227,66,M,rural,5964.0,17
C02228,33,M,rural,1246.0,11
C02229,69,F,rural,491.0,21
C02230,50,M,urban,1324.0,10
C02231,21,M,rural,1419.0,22
C02232,66,M,rural,1991.0,18
C02233,25,M,rural,1913.0,18
C02234,48,F,rural,965.0,4
C02235,59,F,urban,390.0,6
C02236,30,M,rural,1446.0,24
C02237,32,F,rural,409.0,19
C02238,42,M,urban,2274.0,8
C02239,64,F,urban,707.0,21
C02240,29,F,urban,1605.0,9
C02241,52,M,rural,740.0,10
C02242,41,F,urban,816.0,9
C02243,23,F,rural,678.0,13
C02244,54,M,rural,1685.0,19
C02245,61,F,urban,755.0,6
C02246,47,F,urban,1739.0,24
C02247,27,M,urban,767.0,9
C02248,26,F,urban,954.0,24
C02249,40,F,rural,1120.0,22
C02250,44,M,rural,1203.0,15
C02251,46,M,rural,630.0,4
C02252,30,F,rural,1673.0,15
C02253,44,F,urban,932.0,19
C02254,33,M,rural,1520.0,24
C02255,53,M,rural,1086.0,5
C02256,59,M,rural,1559.0,19
C02257,51,F,urban,857.0,9
C02258,18,F,urban,683.0,19
C02259,69,M,rural,1417.0,15
C02260,19,F,rural,815.0,22
C02261,69,F,urban,2631.0,3
C02262,19,M,urban,1142.0,14
C02263,44,M,rural,481.0,17
C02264,23,F,rural,772.0,11
C02265,22,M,rural,602.0,9
C02266,53,M,urban,2088.0,10
C02267,55,F,urban,1744.0,19
C02268,24,F,rural,1057.0,7
C02269,68,M,rural,1305.0,24
C02270,34,F,urban,1040.0,7
C02271,34,F,rural,1838.0,12
C02272,33,M,urban,1498.0,24
C02273,41,M,rural,1669.0,3
C02274,27,F,urban,977.0,10
C02275,40,F,rural,751.0,21
C02276,28,M,rural,1634.0,9
C02277,20,F,urban,2782.0,9
C02278,37,F,urban,2129.0,3
C02279,52,F,urban,2833.0,6
C02280,57,F,urban,1209.0,7
C02281,36,M,rural,613.0,22
C02282,34,M,rural,646.0,15
C02283,58,M,urban,2509.0,8
C02284,53,F,rural,359.0,20
C02285,61,F,urban,2705.0,16
C02286,65,F,rural,684.0,9
C02287,60,M,rural,3477.0,8
C02288,66,F,urban,1051.0,7
C02289,39,M,rural,1692.0,18
C02290,38,M,rural,4587.0,18
C02291,34,M,urban,900.0,17
C02292,30,F,rural,891.0,12
C02293,56,M,urban,723.0,14
C02294,55,F,urban,601.0,22
C02295,59,F,rural,900.0,15
C02296,26,F,urban,786.0,16
C02297,43,M,urban,518.0,7
C02298,29,F,urban,967.0,13
C02299,64,F,urban,1436.0,3
C02300,31,M,urban,641.0,13
C02301,25,F,urban,995.0,20
C02302,47,F,rural,2550.0,17
C02303,63,M,rural,468.0,22
C02304,65,M,rural,3495.0,10
C02305,22,M,rural,732.0,20
C02306,34,M,urban,1237.0,19
C02307,25,F,rural,2363.0,18
C02308,34,M,rural,2837.0,20
C02309,45,M,rural,1454.0,13
C02310,32,M,rural,723.0,10
C02311,21,M,urban,686.0,15
C02312,44,M,urban,777.0,11
C02313,20,F,rural,3407.0,18
C02314,29,M,rural,871.0,22
C02315,18,M,rural,1332.0,3
C02316,22,F,rural,586.0,16
C02317,40,F,urban,548.0,12
C02318,62,M,urban,1114.0,5
C02319,58,M,rural,902.0,7
C02320,23,M,urban,943.0,21
C02321,19,M,rural,451.0,11
C02322,35,M,rural,1049.0,4
C02323,51,F,urban,2778.0,19
C02324,56,F,urban,657.0,8
C02325,60,M,rural,1879.0,10
C02326,35,F,rural,137.0,7
C02327,26,M,rural,678.0,19
C02328,19,M,urban,349.0,23
C02329,25,M,urban,2302.0,24
C02330,21,M,urban,1858.0,4
C02331,62,F,urban,590.0,23
C02332,31,M,urban,1304.0,16
C02333,60,F,rural,2255.0,21
C02334,46,M,urban,2476.0,4
C02335,46,F,rural,860.0,21
C02336,41,F,rural,291.0,10
C02337,60,M,rural,640.0,11
C02338,20,M,rural,1737.0,22
C02339,22,F,urban,3864.0,19
C02340,40,M,rural,1061.0,14
C02341,38,M,urban,762.0,17
C02342,46,F,urban,4627.0,10
C02343,56,M,rural,1399.0,24
C02344,48,M,urban,525.0,4
C02345,31,M,urban,1021.0,15
C02346,35,M,rural,1998.0,3
C02347,57,M,rural,1051.0,12
C02348,28,M,urban,1766.0,14
C02349,44,M,urban,419.0,21
C02350,46,M,urban,464.0,23
C02351,57,M,rural,706.0,19
C02352,55,F,rural,926.0,24
C02353,42,F,urban,1340.0,5
C02354,34,M,rural,1607.0,14
C02355,37,M,rural,4816.0,16
C02356,39,F,rural,704.0,4
C02357,29,M,rural,908.0,16
C02358,50,M,rural,716.0,3
C02359,28,F,rural,2096.0,16
C02360,51,M,rural,2165.0,7
C02361,57,F,urban,838.0,23
C02362,68,F,urban,3787.0,10
C02363,24,F,urban,717.0,16
C02364,57,M,rural,2034.0,16
C02365,22,M,urban,2625.0,22
C02366,35,M,rural,484.0,10
C02367,27,F,urban,1551.0,10
C02368,26,F,rural,214.0,18
C02369,27,F,urban,1798.0,4
C02370,20,M,rural,566.0,15
C02371,60,F,urban,1541.0,11
C02372,21,M,rural,1725.0,24
C02373,38,F,rural,2148.0,14
C02374,54,M,urban,1871.0,19
C02375,69,M,rural,1134.0,21
C02376,62,M,rural,873.0,6
C02377,25,F,rural,1049.0,16
C02378,69,M,rural,561.0,17
C02379,51,M,rural,966.0,12
C02380,27,M,rural,921.0,7
C02381,41,M,rural,683.0,13
C02382,65,F,rural,386.0,4
C02383,38,M,rural,510.0,24
C02384,27,M,urban,166.0,4
C02385,63,F,urban,912.0,6
C02386,67,M,rural,1361.0,6
C02387,68,M,rural,219.0,7
C02388,67,M,rural,1264.0,7
C02389,63,M,rural,1019.0,16
C02390,41,M,rural,541.0,5
C02391,27,M,urban,847.0,18
C02392,50,M,rural,2060.0,11
C02393,29,F,urban,611.0,11
C02394,42,F,rural,1150.0,14
C02395,52,F,rural,1350.0,3
C02396,67,M,urban,670.0,14
C02397,33,M,rural,2008.0,14
C02398,31,F,rural,1397.0,19
C02399,56,F,urban,943.0,6
C02400,18,M,rural,4528.0,4
C02401,47,M,rural,2013.0,4
C02402,56,M,rural,399.0,24
C02403,46,M,urban,868.0,10
C02404,37,M,urban,4817.0,8
C02405,61,M,rural,608.0,5
C02406,37,F,urban,1141.0,8
C02407,54,F,urban,2295.0,12
C02408,42,F,rural,1622.0,24
C02409,19,M,rural,1768.0,19
C02410,45,F,rural,1707.0,21
C02411,20,F,rural,1113.0,4
C02412,66,M,urban,682.0,15
C02413,49,F,urban,1423.0,13
C02414,37,F,rural,861.0,7
C02415,43,F,urban,822.0,13
C02416,50,M,urban,2669.0,15
C02417,31,F,rural,873.0,3
C02418,32,M,urban,3052.0,24
C02419,39,M,rural,1279.0,19
C02420,31,M,rural,997.0,23
C02421,57,M,rural,369.0,4
C02422,23,M,urban,3912.0,4
C02423,60,M,urban,1093.0,23
C02424,36,F,rural,281.0,23
C02425,47,M,rural,1984.0,17
C02426,26,F,rural,1064.0,7
C02427,38,M,urban,627.0,9
C02428,57,F,rural,1917.0,20
C02429,32,F,urban,238.0,23
C02430,24,F,urban,714.0,17
C02431,45,F,urban,916.0,11
C02432,26,F,urban,1829.0,21
C02433,34,M,urban,4206.0,8
C02434,41,M,urban,947.0,5
C02435,47,M,rural,1445.0,11
C02436,51,M,rural,5705.0,13
C02437,53,M,urban,1100.0,16
C02438,61,M,urban,1452.0,18
C02439,21,F,rural,522.0,18
C02440,36,F,urban,3553.0,7
C02441,18,F,urban,715.0,17
C02442,18,F,rural,1288.0,3
C02443,29,M,rural,1267.0,23
C02444,49,M,rural,1154.0,12
C02445,64,F,urban,845.0,24
C02446,58,F,urban,1267.0,22
C02447,51,M,urban,3148.0,7
C02448,58,M,rural,4309.0,5
C02449,26,M,urban,987.0,23
C02450,61,M,urban,837.0,13
C02451,64,M,urban,675.0,5
C02452,22,M,rural,5495.0,16
C02453,42,F,urban,1185.0,24
C02454,61,F,urban,2141.0,16
C02455,42,M,rural,1666.0,8
C02456,61,F,rural,4126.0,10
C02457,66,F,rural,945.0,8
C02458,42,M,rural,564.0,14
C02459,21,F,urban,3347.0,12
C02460,35,M,rural,1886.0,10
C02461,29,F,urban,1442.0,6
C02462,42,M,rural,2755.0,3
C02463,48,F,urban,1492.0,21
C02464,42,F,rural,2813.0,20
C02465,28,M,rural,1272.0,5
C02466,33,M,urban,1884.0,8
C02467,53,M,urban,1504.0,12
C02468,19,F,rural,902.0,16
C02469,29,F,urban,969.0,22
C02470,64,M,rural,866.0,18
C02471,23,F,urban,1286.0,16
C02472,39,M,rural,834.0,19
C02473,28,M,rural,1424.0,16
C02474,23,M,rural,1396.0,23
C02475,39,M,rural,1240.0,24
C02476,45,M,rural,1253.0,12
C02477,27,M,rural,781.0,3
C02478,22,M,rural,926.0,24
C02479,25,F,rural,402.0,10
C02480,51,M,urban,1021.0,8
C02481,62,F,urban,607.0,5
C02482,27,F,urban,1164.0,19
C02483,34,F,rural,714.0,7
C02484,35,M,rural,320.0,24
C02485,36,F,urban,4236.0,7
C02486,30,M,rural,954.0,4
C02487,20,M,urban,2613.0,16
C02488,45,M,rural,799.0,7
C02489,36,M,rural,3038.0,8
C02490,35,F,rural,549.0,5
C02491,31,F,rural,1219.0,17
C02492,66,F,rural,569.0,7
C02493,49,M,urban,5221.0,19
C02494,39,F,rural,944.0,8
C02495,28,F,urban,1803.0,11
C02496,59,M,rural,1437.0,13
C02497,64,M,rural,1080.0,14
C02498,19,F,urban,1496.0,21
C02499,66,M,urban,2479.0,5
C02500,54,M,rural,1637.0,8
C02501,23,F,rural,1209.0,19
C02502,57,M,urban,1498.0,21
C02503,23,M,rural,3460.0,12
C02504,20,M,urban,854.0,3
C02505,23,F,rural,361.0,21
C02506,41,F,rural,568.0,16
C02507,50,F,urban,594.0,14
C02508,39,F,rural,646.0,11
C02509,24,F,urban,660.0,18
C02510,28,F,rural,1081.0,9
C02511,62,M,urban,1272.0,10
C02512,68,M,rural,1264.0,19
C02513,57,F,urban,708.0,11
C02514,23,F,rural,1991.0,23
C02515,60,M,urban,1511.0,12
C02516,53,F,rural,2832.0,15
C02517,45,F,urban,1823.0,16
C02518,25,M,urban,889.0,18
C02519,69,M,rural,2400.0,14
C02520,41,M,rural,1292.0,10
C02521,20,M,rural,1770.0,20
C02522,28,M,rural,1690.0,18
C02523,38,M,urban,1018.0,4
C02524,21,M,rural,1167.0,16
C02525,34,M,urban,1014.0,22
C02526,42,F,rural,657.0,15
C02527,67,F,rural,303.0,23
C02528,22,M,urban,723.0,11
C02529,47,M,urban,1236.0,8
C02530,65,M,rural,2103.0,13
C02531,59,M,rural,1768.0,5
C02532,66,M,urban,927.0,4
C02533,26,M,urban,729.0,15
C02534,59,M,urban,984.0,3
C02535,68,F,rural,611.0,4
C02536,34,M,rural,308.0,13
C02537,43,F,urban,434.0,8
C02538,45,M,rural,2502.0,6
C02539,43,M,rural,3342.0,14
C02540,33,F,rural,1724.0,10
C02541,68,M,urban,1059.0,16
C02542,67,F,urban,475.0,12
C02543,37,F,urban,996.0,7
C02544,59,F,rural,1583.0,18
C02545,38,M,urban,1804.0,23
C02546,59,M,urban,1658.0,18
C02547,48,M,rural,2266.0,6
C02548,42,M,rural,3518.0,15
C02549,24,M,urban,860.0,6
C02550,52,F,urban,5903.0,3
C02551,34,F,urban,326.0,6
C02552,29,M,urban,687.0,20
C02553,28,M,urban,1236.0,23
C02554,69,F,urban,1524.0,16
C02555,23,F,urban,983.0,22
C02556,59,M,rural,814.0,12
C02557,63,M,rural,4112.0,3
C02558,19,F,urban,791.0,22
C02559,48,F,rural,595.0,18
C02560,48,F,urban,3024.0,17
C02561,36,M,rural,1825.0,4
C02562,52,M,rural,2115.0,24
C02563,39,M,rural,1233.0,4
C02564,40,M,rural,480.0,3
C02565,40,F,urban,1154.0,4
C02566,59,M,urban,442.0,23
C02567,50,F,rural,1268.0,21
C02568,37,F,urban,1623.0,5
C02569,66,F,rural,2091.0,12
C02570,59,F,rural,1037.0,14
C02571,66,F,urban,1718.0,15
C02572,55,M,rural,638.0,7
C02573,38,M,rural,1959.0,3
C02574,58,M,rural,1644.0,3
C02575,35,F,rural,678.0,22
C02576,32,F,rural,1508.0,16
C02577,41,M,urban,2109.0,24
C02578,68,M,rural,1150.0,21
C02579,47,M,urban,669.0,8
C02580,37,M,urban,1220.0,4
C02581,42,F,rural,1528.0,17
C02582,33,M,urban,666.0,7
C02583,52,F,urban,599.0,17
C02584,36,F,urban,1500.0,24
C02585,46,M,rural,1797.0,24
C02586,37,M,rural,3983.0,8
C02587,34,F,urban,1635.0,13
C02588,68,F,rural,531.0,18
C02589,35,M,urban,3729.0,8
C02590,21,M,rural,2065.0,15
C02591,37,F,rural,329.0,10
C02592,45,F,urban,591.0,15
C02593,22,F,rural,817.0,17
C02594,33,F,rural,1813.0,22
C02595,26,F,urban,263.0,13
C02596,44,M,urban,1021.0,9
C02597,55,F,rural,1752.0,4
C02598,68,M,urban,200.0,18
C02599,38,F,rural,1717.0,20
C02600,62,F,rural,1845.0,12
C02601,29,F,urban,660.0,22
C02602,58,M,urban,549.0,13
C02603,47,F,urban,654.0,13
C02604,57,F,urban,221.0,4
C02605,57,F,rural,902.0,14
C02606,45,F,rural,1251.0,16
C02607,31,M,urban,528.0,13
C02608,45,M,rural,1965.0,14
C02609,60,F,urban,1166.0,14
C02610,68,F,urban,1282.0,18
C02611,66,F,rural,862.0,5
C02612,27,F,urban,1713.0,14
C02613,49,M,rural,2379.0,12
C02614,23,M,urban,859.0,10
C02615,52,F,rural,1731.0,12
C02616,69,M,rural,1743.0,17
C02617,20,F,urban,1409.0,24
C02618,52,F,rural,3000.0,7
C02619,67,F,urban,709.0,4
C02620,62,M,urban,852.0,10
C02621,38,F,urban,688.0,9
C02622,23,M,rural,1694.0,4
C02623,66,M,rural,931.0,13
C02624,65,M,rural,722.0,14
C02625,48,M,rural,2975.0,21
C02626,68,F,urban,3248.0,18
C02627,18,F,rural,900.0,13
C02628,50,M,rural,483.0,17
C02629,20,F,rural,3355.0,9
C02630,66,M,rural,1455.0,6
C02631,53,F,rural,1412.0,14
C02632,65,F,urban,1168.0,13
C02633,47,F,rural,678.0,9
C02634,22,M,rural,856.0,22
C02635,19,M,rural,1647.0,15
C02636,35,M,urban,838.0,15
C02637,56,F,urban,1422.0,18
C02638,25,F,rural,1105.0,9
C02639,62,M,rural,582.0,14
C02640,30,M,rural,2901.0,22
C02641,43,F,rural,1566.0,16
C02642,28,M,rural,1337.0,21
C02643,42,F,rural,1530.0,3
C02644,41,F,urban,374.0,18
C02645,18,M,urban,816.0,17
C02646,47,M,rural,439.0,22
C02647,58,M,urban,1182.0,24
C02648,66,M,urban,1333.0,6
C02649,35,F,rural,1194.0,13
C02650,63,F,urban,2224.0,23
C02651,63,M,rural,447.0,20
C02652,69,M,urban,679.0,5
C02653,37,M,rural,1406.0,15
C02654,62,M,urban,1285.0,10
C02655,47,F,rural,498.0,18
C02656,21,F,rural,2248.0,14
C02657,32,F,urban,2768.0,9
C02658,52,M,urban,1416.0,12
C02659,26,F,urban,443.0,24
C02660,40,M,urban,1207.0,11
C02661,58,F,urban,1345.0,7
C02662,25,F,urban,932.0,5
C02663,43,F,rural,2461.0,6
C02664,29,M,urban,1023.0,4
C02665,45,M,urban,3877.0,4
C02666,30,F,urban,1754.0,14
C02667,68,M,rural,1294.0,14
C02668,21,F,rural,1905.0,20
C02669,68,M,rural,2748.0,16
C02670,59,F,rural,1881.0,7
C02671,62,M,rural,1048.0,17
C02672,62,F,urban,738.0,12
C02673,27,M,urban,559.0,6
C02674,66,M,rural,254.0,17
C02675,48,M,urban,1217.0,17
C02676,68,M,rural,869.0,12
C02677,63,F,rural,897.0,6
C02678,48,F,rural,2033.0,3
C02679,37,F,rural,1025.0,19
C02680,24,F,rural,3419.0,6
C02681,23,F,urban,778.0,9
C02682,38,M,urban,612.0,17
C02683,60,F,rural,516.0,12
C02684,44,M,rural,1692.0,21
C02685,43,F,urban,2188.0,11
C02686,30,M,urban,768.0,22
C02687,47,F,urban,579.0,11
C02688,51,M,rural,2747.0,4
C02689,69,M,urban,459.0,18
C02690,55,M,urban,2010.0,17
C02691,49,M,urban,779.0,24
C02692,65,M,rural,1392.0,5
C02693,40,M,rural,2093.0,14
C02694,66,M,rural,1459.0,18
C02695,37,F,rural,919.0,11
C02696,24,M,urban,2534.0,8
C02697,39,F,rural,1304.0,9
C02698,24,M,rural,9992.0,3
C02699,24,F,rural,394.0,16
C02700,63,M,rural,391.0,20
C02701,59,M,rural,1991.0,12
C02702,29,F,urban,1076.0,3
C02703,61,F,urban,1764.0,20
C02704,21,M,rural,567.0,22
C02705,32,M,urban,1133.0,16
C02706,54,M,rural,1443.0,4
C02707,33,M,urban,791.0,12
C02708,55,M,rural,1260.0,15
C02709,63,F,rural,484.0,23
C02710,21,M,rural,1390.0,13
C02711,19,F,rural,2610.0,3
C02712,66,M,rural,522.0,18
C02713,45,M,rural,503.0,18
C02714,44,M,rural,2239.0,8
C02715,42,M,rural,498.0,12
C02716,40,M,rural,1816.0,3
C02717,53,F,rural,1134.0,5
C02718,48,F,urban,853.0,9
C02719,26,M,urban,2644.0,5
C02720,50,M,rural,1914.0,9
C02721,52,F,urban,1297.0,17
C02722,23,M,rural,301.0,11
C02723,37,M,urban,1681.0,6
C02724,59,F,urban,577.0,16
C02725,50,M,rural,960.0,21
C02726,25,M,urban,1101.0,15
C02727,20,M,rural,3423.0,9
C02728,48,F,rural,942.0,20
C02729,42,M,rural,467.0,10
C02730,67,F,urban,2649.0,3
C02731,45,M,urban,1695.0,17
C02732,66,M,rural,1733.0,18
C02733,29,M,urban,2679.0,7
C02734,41,F,rural,3084.0,11
C02735,25,M,rural,642.0,3
C02736,47,F,urban,476.0,13
C02737,27,M,rural,1818.0,12
C02738,43,M,rural,937.0,8
C02739,35,M,rural,989.0,14
C02740,27,M,urban,559.0,17
C02741,23,M,rural,1557.0,12
C02742,44,F,urban,1396.0,20
C02743,67,F,rural,999.0,13
C02744,28,F,rural,477.0,12
C02745,39,F,rural,2265.0,17
C02746,29,M,rural,1278.0,6
C02747,60,F,rural,2145.0,21
C02748,39,M,rural,311.0,16
C02749,68,F,urban,1135.0,11
C02750,30,F,rural,713.0,8
C02751,22,M,urban,1121.0,20
C02752,48,F,rural,1931.0,3
C02753,51,F,urban,1369.0,4
C02754,69,M,urban,1109.0,16
C02755,63,F,rural,1105.0,13
C02756,63,M,urban,430.0,6
C02757,50,M,rural,637.0,11
C02758,36,M,urban,2149.0,20
C02759,40,F,urban,810.0,13
C02760,24,M,rural,2174.0,14
C02761,40,F,rural,1801.0,5
C02762,36,M,rural,1858.0,18
C02763,19,M,urban,1339.0,6
C02764,28,F,urban,844.0,8
C02765,45,M,urban,1002.0,9
C02766,37,F,urban,1610.0,12
C02767,69,M,rural,306.0,9
C02768,42,F,urban,2313.0,20
C02769,67,F,rural,812.0,11
C02770,52,M,rural,1041.0,3
C02771,20,M,urban,1047.0,13
C02772,28,M,rural,1071.0,5
C02773,54,F,urban,499.0,7
C02774,46,F,rural,1201.0,16
C02775,33,M,urban,1567.0,16
C02776,45,M,rural,322.0,17
C02777,64,F,urban,502.0,11
C02778,38,M,urban,1877.0,21
C02779,20,F,urban,1679.0,4
C02780,34,F,urban,1312.0,11
C02781,66,M,rural,728.0,8
C02782,57,M,urban,1685.0,3
C02783,61,M,rural,533.0,15
C02784,65,M,rural,1010.0,4
C02785,24,F,urban,501.0,16
C02786,32,F,urban,995.0,21
C02787,21,F,urban,591.0,20
C02788,18,M,rural,1726.0,17
C02789,61,M,urban,1422.0,8
C02790,66,F,rural,779.0,17
C02791,26,M,urban,2109.0,15
C02792,55,M,urban,618.0,13
C02793,45,M,urban,1074.0,13
C02794,21,F,rural,758.0,6
C02795,65,F,rural,1712.0,21
C02796,63,M,rural,1613.0,21
C02797,47,F,urban,2395.0,19
C02798,54,M,urban,1153.0,15
C02799,38,M,rural,186.0,5
C02800,59,M,rural,847.0,16
C02801,41,F,rural,2805.0,24
C02802,69,M,urban,902.0,5
C02803,21,M,rural,347.0,10
C02804,26,M,urban,1436.0,22
C02805,68,F,rural,1502.0,24
C02806,33,F,urban,709.0,12
C02807,34,M,rural,946.0,9
C02808,59,F,urban,660.0,9
C02809,27,M,rural,1500.0,13
C02810,44,M,rural,1135.0,10
C02811,32,F,rural,545.0,15
C02812,28,F,rural,1090.0,4
C02813,68,M,urban,706.0,4
C02814,28,F,rural,2635.0,3
C02815,22,M,rural,1875.0,18
C02816,53,F,rural,1019.0,23
C02817,63,F,urban,1151.0,5
C02818,24,F,urban,2015.0,23
C02819,54,M,urban,988.0,6
C02820,46,F,rural,1729.0,4
C02821,61,F,urban,2661.0,9
C02822,24,M,urban,817.0,9
C02823,68,M,rural,2944.0,24
C02824,50,F,rural,2473.0,5
C02825,61,M,rural,1273.0,24
C02826,36,F,urban,840.0,21
C02827,67,M,urban,1264.0,13
C02828,50,F,rural,947.0,17
C02829,24,M,urban,682.0,14
C02830,65,F,rural,1509.0,23
C02831,59,F,urban,593.0,7
C02832,33,M,rural,895.0,24
C02833,46,F,urban,902.0,12
C02834,38,F,rural,483.0,23
C02835,46,M,rural,1628.0,24
C02836,68,M,urban,956.0,21
C02837,64,F,rural,2391.0,20
C02838,29,F,rural,947.0,12
C02839,68,M,rural,859.0,18
C02840,40,F,urban,637.0,8
C02841,54,M,urban,1123.0,9
C02842,57,M,rural,1126.0,19
C02843,43,F,rural,1711.0,19
C02844,41,M,rural,1142.0,8
C02845,41,M,urban,3852.0,24
C02846,62,M,rural,1442.0,18
C02847,38,M,urban,607.0,24
C02848,32,M,urban,577.0,13
C02849,36,F,rural,1512.0,16
C02850,28,M,rural,595.0,17
C02851,38,F,rural,1567.0,6
C02852,23,F,urban,1877.0,9
C02853,22,M,urban,1904.0,24
C02854,55,M,rural,651.0,17
C02855,22,F,urban,1906.0,14
C02856,47,M,rural,1331.0,3
C02857,58,M,rural,761.0,3
C02858,55,F,urban,997.0,15
C02859,41,F,rural,1455.0,4
C02860,28,F,rural,732.0,6
C02861,66,M,rural,1314.0,15
C02862,61,M,urban,2611.0,24
C02863,49,M,rural,1956.0,21
C02864,22,F,rural,1152.0,13
C02865,19,M,rural,1262.0,23
C02866,34,M,urban,794.0,16
C02867,26,M,urban,808.0,23
C02868,62,F,rural,436.0,8
C02869,28,F,rural,1275.0,15
C02870,32,M,rural,1652.0,23
C02871,68,M,rural,1051.0,24
C02872,60,M,urban,648.0,21
C02873,29,M,rural,1141.0,6
C02874,37,M,urban,2453.0,16
C02875,44,M,urban,1880.0,5
C02876,52,F,urban,1077.0,11
C02877,66,F,rural,3746.0,3
C02878,63,F,urban,5537.0,19
C02879,68,F,rural,822.0,20
C02880,20,M,urban,946.0,5
C02881,30,M,urban,1662.0,23
C02882,47,M,rural,634.0,21
C02883,20,F,urban,1825.0,21
C02884,36,M,urban,1165.0,12
C02885,25,M,rural,1371.0,23
C02886,66,M,rural,776.0,24
C02887,21,M,rural,684.0,15
C02888,25,F,rural,333.0,11
C02889,28,F,urban,2673.0,19
C02890,25,M,urban,1929.0,3
C02891,47,F,urban,1643.0,10
C02892,36,M,rural,1352.0,3
C02893,65,M,urban,275.0,19
C02894,31,M,urban,699.0,3
C02895,45,F,rural,940.0,19
C02896,52,F,rural,573.0,15
C02897,50,M,urban,397.0,12
C02898,59,F,rural,610.0,16
C02899,28,M,urban,1129.0,3
C02900,44,M,rural,1130.0,20
C02901,59,F,rural,1890.0,8
C02902,62,F,rural,3782.0,21
C02903,50,F,urban,1655.0,22
C02904,51,F,rural,987.0,15
C02905,62,M,urban,3230.0,15
C02906,50,F,rural,424.0,23
C02907,67,F,rural,315.0,11
C02908,24,M,rural,644.0,11
C02909,36,M,rural,1785.0,23
C02910,23,F,rural,1213.0,11
C02911,22,M,rural,557.0,11
C02912,42,M,urban,709.0,3
C02913,29,F,rural,521.0,10
C02914,39,F,rural,521.0,8
C02915,40,F,urban,2781.0,19
C02916,50,F,rural,1006.0,14
C02917,67,M,urban,3171.0,10
C02918,62,F,rural,643.0,23
C02919,37,M,urban,1472.0,12
C02920,34,F,urban,1257.0,12
C02921,58,M,rural,1859.0,18
C02922,24,F,rural,1278.0,8
C02923,46,F,rural,1980.0,12
C02924,39,F,rural,1529.0,18
C02925,27,M,urban,570.0,10
C02926,50,M,urban,1702.0,12
C02927,34,M,rural,1031.0,3
C02928,27,M,rural,688.0,20
C02929,51,F,rural,1663.0,21
C02930,27,M,urban,1906.0,17
C02931,52,F,urban,820.0,14
C02932,26,M,urban,889.0,22
C02933,40,M,rural,477.0,21
C02934,60,F,urban,371.0,13
C02935,29,M,rural,948.0,16
C02936,57,M,urban,1764.0,23
C02937,55,M,rural,777.0,7
C02938,64,M,urban,2583.0,20
C02939,26,F,rural,970.0,10
C02940,55,M,rural,972.0,5
C02941,66,M,urban,922.0,12
C02942,57,F,urban,1976.0,14
C02943,27,M,urban,617.0,19
C02944,60,F,rural,1015.0,6
C02945,23,M,rural,790.0,15
C02946,48,F,urban,783.0,17
C02947,43,M,rural,1120.0,17
C02948,45,M,urban,1025.0,21
C02949,45,F,rural,2061.0,19
C02950,19,F,rural,1090.0,13
C02951,44,F,rural,1530.0,9
C02952,66,F,urban,1216.0,22
C02953,40,M,urban,2546.0,22
C02954,32,F,rural,915.0,5
C02955,69,F,urban,916.0,12
C02956,23,M,rural,1715.0,19
C02957,43,M,rural,907.0,17
C02958,44,M,rural,1479.0,22
C02959,42,F,rural,4459.0,7
C02960,65,M,rural,609.0,23
C02961,39,M,rural,2749.0,8
C02962,68,F,urban,816.0,5
C02963,21,F,rural,2447.0,19
C02964,56,M,urban,1655.0,23
C02965,48,F,rural,1572.0,10
C02966,30,M,rural,1002.0,6
C02967,29,F,rural,944.0,22
C02968,55,M,urban,711.0,5
C02969,51,M,urban,1101.0,17
C02970,49,F,rural,982.0,5
C02971,20,M,rural,1230.0,17
C02972,49,M,urban,470.0,5
C02973,69,M,rural,1112.0,11
C02974,18,F,rural,2339.0,13
C02975,42,F,rural,1932.0,22
C02976,43,F,rural,1112.0,18
C02977,64,F,rural,5102.0,23
C02978,32,F,rural,776.0,14
C02979,42,M,urban,1041.0,8
C02980,55,M,rural,459.0,12
C02981,21,F,rural,861.0,14
C02982,59,F,rural,3206.0,15
C02983,60,F,rural,881.0,22
C02984,55,F,rural,438.0,22
C02985,51,M,urban,1850.0,5
C02986,56,F,urban,1385.0,20
C02987,58,F,urban,1805.0,9
C02988,64,F,rural,918.0,15
C02989,40,F,rural,599.0,23
C02990,41,F,urban,982.0,22
C02991,51,F,urban,1530.0,13
C02992,28,M,rural,1050.0,4
C02993,62,F,urban,1384.0,23
C02994,58,M,urban,795.0,22
C02995,50,M,urban,1415.0,11
C02996,33,M,rural,1095.0,6
C02997,36,M,rural,718.0,14
C02998,40,M,rural,1193.0,20
C02999,52,F,urban,870.0,12
C03000,58,F,urban,1588.0,3
C03001,52,F,rural,1852.0,13
C03002,66,M,rural,1482.0,14
C03003,67,M,urban,411.0,23
C03004,54,F,rural,615.0,20
C03005,37,F,rural,748.0,18
C03006,49,M,rural,680.0,11
C03007,40,F,urban,792.0,23
C03008,50,F,urban,1911.0,8
C03009,60,F,urban,1668.0,10
C03010,37,F,rural,850.0,21
C03011,44,F,rural,1564.0,24
C03012,20,F,rural,1336.0,20
C03013,56,M,urban,1075.0,18
C03014,43,M,urban,2184.0,23
C03015,41,M,rural,737.0,5
C03016,45,F,rural,1132.0,17
C03017,29,F,urban,584.0,12
C03018,49,M,rural,601.0,16
C03019,56,F,rural,485.0,8
C03020,36,M,rural,607.0,13
C03021,24,M,rural,1153.0,8
C03022,38,F,urban,915.0,17
C03023,28,M,rural,933.0,23
C03024,37,M,rural,916.0,4
C03025,50,M,rural,3177.0,24
C03026,23,M,rural,554.0,17
C03027,56,F,urban,520.0,3
C03028,29,F,rural,660.0,15
C03029,64,F,rural,1050.0,6
C03030,56,F,urban,1493.0,20
C03031,32,M,rural,1589.0,9
C03032,47,F,urban,1933.0,4
C03033,23,M,rural,1028.0,21
C03034,23,M,urban,865.0,14
C03035,67,F,urban,2922.0,16
C03036,59,M,rural,206.0,21
C03037,26,M,rural,1139.0,15
C03038,32,M,rural,1419.0,20
C03039,28,F,rural,3375.0,16
C03040,38,M,urban,405.0,3
C03041,33,M,rural,852.0,23
C03042,35,F,rural,486.0,24
C03043,45,M,urban,373.0,9
C03044,27,F,rural,970.0,17
C03045,63,M,urban,1808.0,5
C03046,55,F,urban,2261.0,9
C03047,57,F,rural,797.0,16
C03048,26,M,rural,1636.0,10
C03049,54,F,rural,974.0,24
C03050,61,M,rural,1531.0,4
C03051,27,F,urban,2192.0,18
C03052,57,F,rural,976.0,16
C03053,36,F,urban,2093.0,22
C03054,58,F,urban,530.0,20
C03055,42,F,urban,1626.0,22
C03056,59,F,urban,2039.0,20
C03057,25,M,urban,1916.0,7
C03058,38,F,rural,539.0,12
C03059,32,F,rural,969.0,18
C03060,30,F,rural,1315.0,24
C03061,34,M,urban,1431.0,21
C03062,37,M,rural,1176.0,17
C03063,24,F,urban,2585.0,5
C03064,54,F,rural,504.0,12
C03065,46,M,rural,949.0,17
C03066,61,M,urban,398.0,19
C03067,54,M,rural,1592.0,8
C03068,25,M,rural,1530.0,13
C03069,21,F,urban,8178.0,21
C03070,39,M,rural,2030.0,21
C03071,43,M,rural,1338.0,7
C03072,30,M,urban,1278.0,8
C03073,58,M,urban,907.0,11
C03074,48,F,rural,1186.0,17
C03075,56,M,rural,1294.0,17
C03076,23,M,urban,337.0,19
C03077,60,M,rural,1234.0,15
C03078,28,F,urban,1165.0,23
C03079,41,F,rural,3141.0,5
C03080,40,M,rural,1013.0,14
C03081,60,F,rural,693.0,7
C03082,32,M,rural,1288.0,14
C03083,30,F,rural,1147.0,22
C03084,35,M,rural,1014.0,22
C03085,36,F,urban,509.0,24
C03086,27,F,urban,999.0,13
C03087,27,M,rural,775.0,18
C03088,30,M,urban,963.0,13
C03089,42,M,urban,1702.0,3
C03090,35,M,rural,732.0,9
C03091,38,M,rural,960.0,19
C03092,55,M,urban,1517.0,4
C03093,30,F,urban,933.0,17
C03094,65,M,urban,5248.0,13
C03095,57,F,urban,1273.0,12
C03096,27,M,urban,521.0,19
C03097,34,M,rural,663.0,8
C03098,27,M,rural,624.0,8
C03099,32,F,urban,668.0,6
C03100,37,M,urban,1514.0,5
C03101,24,M,rural,565.0,4
C03102,18,F,urban,899.0,5
C03103,40,F,urban,2177.0,17
C03104,54,F,urban,803.0,9
C03105,33,M,rural,1641.0,10
C03106,62,M,urban,400.0,19
C03107,37,F,urban,878.0,14
C03108,64,F,rural,644.0,4
C03109,30,F,rural,1313.0,14
C03110,46,M,rural,589.0,17
C03111,57,M,rural,3796.0,16
C03112,21,F,rural,410.0,22
C03113,66,F,urban,2168.0,16
C03114,36,M,urban,1857.0,20
C03115,43,F,urban,1321.0,14
C03116,50,F,urban,1133.0,17
C03117,51,M,urban,3337.0,6
C03118,19,M,urban,4830.0,24
C03119,63,F,rural,968.0,3
C03120,50,M,rural,1206.0,24
C03121,69,F,urban,787.0,15
C03122,42,F,rural,544.0,10
C03123,49,M,urban,1448.0,12
C03124,40,F,rural,1274.0,4
C03125,64,M,rural,417.0,12
C03126,61,M,urban,1442.0,4
C03127,65,F,urban,1300.0,12
C03128,44,F,rural,765.0,6
C03129,59,M,rural,735.0,5
C03130,36,F,rural,1414.0,18
C03131,41,F,urban,2879.0,6
C03132,57,F,urban,1393.0,10
C03133,22,F,urban,1752.0,17
C03134,54,M,rural,666.0,14
C03135,18,M,urban,855.0,14
C03136,48,F,urban,1579.0,12
C03137,42,M,rural,485.0,16
C03138,42,F,rural,1242.0,17
C03139,43,M,urban,1474.0,5
C03140,43,M,rural,1072.0,24
C03141,39,M,rural,1328.0,20
C03142,41,M,rural,1135.0,12
C03143,47,M,urban,755.0,11
C03144,57,F,rural,541.0,18
C03145,46,F,urban,1039.0,16
C03146,51,M,rural,2399.0,20
C03147,61,M,rural,2028.0,13
C03148,69,F,rural,891.0,12
C03149,23,M,rural,880.0,13
C03150,55,M,rural,842.0,9
C03151,29,M,urban,842.0,20
C03152,28,F,urban,1303.0,20
C03153,59,F,urban,2068.0,5
C03154,21,F,rural,4263.0,5
C03155,62,F,urban,667.0,4
C03156,58,F,rural,1621.0,10
C03157,69,M,rural,1518.0,5
C03158,52,M,rural,900.0,15
C03159,63,M,urban,593.0,24
C03160,24,M,rural,1294.0,18
C03161,64,F,rural,3912.0,23
C03162,26,M,rural,1289.0,6
C03163,34,M,rural,684.0,18
C03164,24,M,urban,998.0,19
C03165,38,F,urban,553.0,12
C03166,56,F,rural,1109.0,19
C03167,31,F,rural,1653.0,4
C03168,60,M,rural,724.0,16
C03169,49,M,rural,155.0,21
C03170,50,F,rural,1295.0,11
C03171,66,F,rural,812.0,7
C03172,40,F,rural,699.0,3
C03173,35,M,rural,695.0,9
C03174,69,M,urban,1394.0,21
C03175,46,F,urban,859.0,21
C03176,49,F,urban,1917.0,16
C03177,33,F,urban,1942.0,8
C03178,29,M,rural,932.0,8
C03179,26,M,rural,802.0,21
C03180,29,M,urban,1184.0,15
C03181,28,F,urban,1005.0,20
C03182,56,M,rural,383.0,11
C03183,21,M,rural,3458.0,21
C03184,50,M,rural,1683.0,13
C03185,67,F,urban,830.0,17
C03186,57,M,urban,347.0,21
C03187,38,M,rural,984.0,10
C03188,21,F,rural,771.0,20
C03189,61,F,rural,1057.0,17
C03190,18,F,rural,299.0,13
C03191,53,F,urban,826.0,21
C03192,52,M,urban,857.0,12
C03193,27,F,urban,977.0,19
C03194,56,F,urban,952.0,4
C03195,27,M,urban,1132.0,21
C03196,29,F,urban,2732.0,24
C03197,60,M,urban,805.0,24
C03198,68,M,rural,635.0,21
C03199,31,M,urban,389.0,18
C03200,65,M,rural,807.0,19
C03201,65,F,urban,473.0,23
C03202,58,M,urban,1951.0,19
C03203,25,F,urban,1035.0,8
C03204,33,M,urban,1927.0,6
C03205,53,M,urban,2642.0,24
C03206,69,M,rural,653.0,6
C03207,60,M,rural,890.0,23
C03208,39,F,urban,2438.0,23
C03209,30,F,urban,1228.0,3
C03210,67,M,urban,1500.0,20
C03211,32,F,rural,2038.0,15
C03212,35,F,urban,1878.0,11
C03213,68,F,urban,1403.0,14
C03214,47,M,rural,2535.0,12
C03215,31,M,rural,1053.0,20
C03216,18,F,rural,1498.0,12
C03217,40,F,urban,986.0,5
C03218,69,M,urban,2023.0,11
C03219,40,F,urban,720.0,14
C03220,54,M,rural,400.0,12
C03221,31,F,rural,1624.0,14
C03222,58,M,urban,595.0,24
C03223,58,F,rural,560.0,11
C03224,49,M,rural,2342.0,20
C03225,58,M,rural,1958.0,24
C03226,48,F,urban,893.0,21
C03227,37,M,urban,176.0,14
C03228,56,F,urban,1510.0,24
C03229,61,F,rural,1632.0,12
C03230,61,M,urban,1495.0,9
C03231,29,M,urban,1455.0,21
C03232,53,F,rural,984.0,23
C03233,18,F,rural,857.0,6
C03234,47,F,rural,565.0,10
C03235,47,M,rural,722.0,9
C03236,36,F,rural,1330.0,21
C03237,69,M,rural,1343.0,9
C03238,63,F,urban,1761.0,17
C03239,20,M,urban,472.0,23
C03240,28,M,urban,405.0,23
C03241,28,F,urban,873.0,22
C03242,64,F,rural,595.0,14
C03243,44,M,rural,1226.0,16
C03244,55,F,urban,500.0,18
C03245,60,M,rural,2226.0,10
C03246,57,M,rural,670.0,14
C03247,22,M,rural,2852.0,13
C03248,25,M,rural,1502.0,20
C03249,38,M,urban,582.0,15
C03250,35,M,urban,3854.0,12
C03251,56,M,urban,1286.0,14
C03252,26,F,rural,1212.0,6
C03253,37,F,urban,1055.0,8
C03254,30,F,rural,1451.0,20
C03255,27,M,urban,1503.0,5
C03256,26,F,rural,653.0,18
C03257,28,M,rural,965.0,22
C03258,47,F,urban,1175.0,18
C03259,39,F,rural,1556.0,17
C03260,40,M,rural,1572.0,18
C03261,42,M,rural,1210.0,6
C03262,56,F,rural,788.0,6
C03263,62,F,rural,764.0,24
C03264,45,F,urban,537.0,12
C03265,51,F,rural,1565.0,12
C03266,56,F,urban,758.0,6
C03267,53,M,urban,977.0,19
C03268,24,F,urban,1265.0,3
C03269,69,M,rural,1099.0,6
C03270,26,M,urban,1093.0,7
C03271,39,M,rural,637.0,23
C03272,51,F,urban,1289.0,23
C03273,38,F,urban,909.0,4
C03274,30,M,urban,1041.0,6
C03275,66,M,urban,2197.0,24
C03276,21,M,urban,1485.0,16
C03277,30,F,rural,779.0,18
C03278,69,F,urban,1003.0,15
C03279,55,M,urban,2863.0,7
C03280,22,M,urban,912.0,19
C03281,57,F,urban,1123.0,6
C03282,68,M,rural,1634.0,3
C03283,23,M,urban,1248.0,21
C03284,39,M,rural,877.0,11
C03285,42,M,rural,702.0,3
C03286,24,M,urban,1090.0,12
C03287,28,F,rural,1628.0,5
C03288,27,M,urban,2422.0,13
C03289,27,M,rural,455.0,17
C03290,38,F,rural,3158.0,10
C03291,42,F,urban,922.0,4
C03292,30,M,rural,1910.0,22
C03293,33,M,urban,704.0,14
C03294,27,F,rural,417.0,3
C03295,59,M,rural,499.0,15
C03296,29,F,urban,899.0,23
C03297,65,M,urban,1502.0,3
C03298,46,M,rural,1117.0,20
C03299,59,M,urban,944.0,11
C03300,51,F,rural,2145.0,18
C03301,31,M,urban,1098.0,3
C03302,49,M,urban,1297.0,22
C03303,32,M,rural,7091.0,24
C03304,24,F,rural,1091.0,15
C03305,31,M,rural,722.0,7
C03306,32,F,rural,1463.0,6
C03307,25,F,urban,1704.0,18
C03308,19,M,urban,1314.0,20
C03309,67,F,urban,1205.0,17
C03310,44,F,urban,2669.0,13
C03311,38,M,urban,2476.0,19
C03312,66,M,rural,1022.0,19
C03313,29,M,urban,745.0,10
C03314,38,M,urban,1419.0,20
C03315,62,M,rural,743.0,7
C03316,50,F,urban,1865.0,21
C03317,38,F,rural,1414.0,14
C03318,31,M,urban,5443.0,19
C03319,19,M,urban,2654.0,18
C03320,22,M,rural,574.0,5
C03321,26,M,rural,803.0,19
C03322,58,M,rural,348.0,20
C03323,51,F,urban,304.0,4
C03324,40,F,urban,1174.0,7
C03325,58,M,rural,536.0,19
C03326,26,F,urban,2936.0,10
C03327,28,F,rural,2197.0,5
C03328,38,F,urban,932.0,21
C03329,65,M,urban,901.0,14
C03330,49,M,urban,2674.0,11
C03331,62,F,rural,3068.0,15
C03332,30,M,urban,627.0,11
C03333,62,F,rural,580.0,5
C03334,21,M,urban,915.0,15
C03335,29,F,rural,1420.0,24
C03336,45,F,urban,806.0,23
C03337,20,M,rural,1438.0,17
C03338,62,M,rural,3534.0,6
C03339,63,F,rural,472.0,7
C03340,46,M,urban,839.0,9
C03341,33,F,rural,477.0,4
C03342,23,F,urban,664.0,6
C03343,50,M,rural,919.0,20
C03344,45,F,rural,709.0,12
C03345,57,M,urban,1498.0,21
C03346,49,F,rural,1201.0,4
C03347,24,M,rural,1312.0,4
C03348,24,M,urban,912.0,18
C03349,58,M,urban,964.0,8
C03350,26,F,urban,889.0,7
C03351,66,F,rural,945.0,17
C03352,23,F,rural,1410.0,23
C03353,55,M,urban,346.0,12
C03354,68,M,urban,1303.0,19
C03355,40,F,urban,651.0,10
C03356,20,F,urban,895.0,21
C03357,63,M,urban,430.0,12
C03358,27,F,urban,884.0,6
C03359,45,M,urban,1296.0,14
C03360,69,M,rural,1443.0,9
C03361,56,F,rural,538.0,7
C03362,20,M,urban,1402.0,7
C03363,60,M,rural,2173.0,11
C03364,26,F,urban,815.0,3
C03365,56,F,urban,1097.0,4
C03366,50,M,rural,317.0,15
C03367,32,F,rural,640.0,3
C03368,40,M,urban,1290.0,19
C03369,24,M,urban,1946.0,24
C03370,69,M,rural,765.0,7
C03371,30,M,urban,5441.0,4
C03372,34,M,rural,1324.0,7
C03373,44,M,urban,511.0,3
C03374,52,F,urban,2374.0,8
C03375,44,F,rural,517.0,22
C03376,44,F,rural,1335.0,21
C03377,48,F,rural,628.0,24
C03378,62,M,rural,486.0,20
C03379,38,M,rural,1953.0,21
C03380,61,M,urban,938.0,16
C03381,58,F,urban,3088.0,6
C03382,67,M,urban,595.0,19
C03383,65,M,rural,430.0,17
C03384,59,M,rural,822.0,24
C03385,30,M,urban,6212.0,18
C03386,58,F,rural,1809.0,15
C03387,56,F,urban,1529.0,19
C03388,33,M,rural,1560.0,17
C03389,53,F,rural,820.0,5
C03390,31,F,urban,5640.0,16
C03391,45,M,urban,1444.0,11
C03392,59,M,urban,1365.0,6
C03393,27,F,rural,1980.0,9
C03394,35,M,urban,511.0,21
C03395,59,M,rural,647.0,17
C03396,41,M,rural,946.0,4
C03397,67,F,rural,1988.0,10
C03398,18,F,rural,503.0,18
C03399,55,F,urban,1053.0,14
C03400,60,M,rural,967.0,20
C03401,65,M,urban,426.0,16
C03402,26,F,urban,808.0,3
C03403,69,F,urban,1518.0,22
C03404,38,F,urban,450.0,15
C03405,36,F,rural,2558.0,23
C03406,36,M,urban,1452.0,7
C03407,51,F,rural,1350.0,18
C03408,52,F,urban,1102.0,3
C03409,42,F,rural,569.0,6
C03410,21,F,rural,743.0,22
C03411,69,M,rural,1363.0,22
C03412,29,F,rural,742.0,23
C03413,22,M,urban,1228.0,7
C03414,49,M,urban,639.0,22
C03415,39,F,rural,1438.0,4
C03416,50,F,urban,1504.0,11
C03417,63,F,rural,413.0,12
C03418,23,M,rural,1142.0,20
C03419,32,M,urban,440.0,18
C03420,44,M,rural,359.0,10
C03421,58,F,urban,768.0,6
C03422,49,F,rural,5873.0,11
C03423,37,F,urban,1746.0,9
C03424,49,M,rural,2528.0,17
C03425,68,F,urban,1580.0,4
C03426,42,F,rural,1240.0,12
C03427,63,M,rural,1877.0,16
C03428,58,F,rural,747.0,17
C03429,33,F,rural,1454.0,18
C03430,30,M,rural,2222.0,9
C03431,58,M,rural,1668.0,14
C03432,28,F,rural,2312.0,5
C03433,35,F,rural,1224.0,12
C03434,30,F,rural,3027.0,24
C03435,49,F,rural,968.0,21
C03436,33,M,urban,3907.0,16
C03437,52,F,rural,1547.0,12
C03438,66,F,urban,871.0,22
C03439,61,M,urban,541.0,12
C03440,67,F,rural,675.0,19
C03441,19,M,urban,617.0,15
C03442,41,M,urban,1040.0,3
C03443,29,M,rural,511.0,18
C03444,65,F,rural,2382.0,22
C03445,55,M,urban,1172.0,20
C03446,34,M,rural,1144.0,16
C03447,47,F,urban,545.0,3
C03448,49,M,urban,691.0,3
C03449,43,F,urban,289.0,21
C03450,42,F,urban,2895.0,13
C03451,20,M,rural,468.0,12
C03452,41,M,rural,490.0,17
C03453,36,F,rural,2560.0,22
C03454,60,M,rural,1384.0,12
C03455,62,M,rural,1179.0,14
C03456,57,F,rural,1345.0,15
C03457,19,F,urban,1944.0,13
C03458,61,F,rural,1164.0,17
C03459,38,F,rural,434.0,7
C03460,39,F,urban,1703.0,11
C03461,67,F,urban,1413.0,13
C03462,63,F,urban,2215.0,14
C03463,20,F,rural,518.0,13
C03464,36,F,rural,708.0,12
C03465,56,M,rural,1387.0,22
C03466,46,M,urban,622.0,20
C03467,31,M,urban,267.0,22
C03468,45,M,rural,1234.0,16
C03469,63,M,urban,1876.0,13
C03470,29,M,urban,1015.0,12
C03471,56,F,rural,1524.0,22
C03472,56,M,rural,1397.0,17
C03473,64,M,rural,1104.0,21
C03474,33,M,rural,1190.0,21
C03475,29,M,urban,2464.0,23
C03476,46,F,rural,615.0,14
C03477,45,M,rural,1744.0,10
C03478,39,M,rural,540.0,22
C03479,58,F,urban,681.0,7
C03480,59,M,rural,2247.0,10
C03481,30,M,urban,531.0,23
C03482,59,F,rural,949.0,18
C03483,29,F,rural,4522.0,15
C03484,39,F,rural,2029.0,14
C03485,19,F,urban,705.0,13
C03486,35,F,rural,781.0,22
C03487,67,M,urban,990.0,12
C03488,41,F,rural,2409.0,13
C03489,54,F,urban,601.0,4
C03490,23,M,urban,580.0,5
C03491,51,F,rural,1682.0,7
C03492,37,M,urban,400.0,9
C03493,56,F,rural,635.0,9
C03494,66,F,urban,1042.0,17
C03495,45,M,rural,1075.0,15
C03496,23,M,urban,484.0,3
C03497,42,F,rural,1356.0,14
C03498,24,F,rural,1529.0,4
C03499,41,M,rural,737.0,14
C03500,21,M,urban,2970.0,4
C03501,51,F,rural,1344.0,4
C03502,34,M,rural,600.0,21
C03503,28,F,urban,2900.0,3
C03504,18,F,rural,801.0,24
C03505,64,M,rural,1221.0,13
C03506,61,F,rural,819.0,21
C03507,60,M,urban,1595.0,7
C03508,21,F,urban,821.0,13
C03509,36,F,rural,852.0,22
C03510,68,M,rural,996.0,4
C03511,48,M,rural,811.0,12
C03512,24,M,rural,2086.0,5
C03513,25,F,urban,516.0,10
C03514,31,M,urban,1072.0,24
C03515,68,F,rural,1157.0,14
C03516,26,F,rural,1018.0,10
C03517,64,M,rural,1961.0,16
C03518,53,F,rural,445.0,9
C03519,65,M,urban,1542.0,4
C03520,60,F,urban,520.0,15
C03521,35,M,urban,808.0,19
C03522,61,F,rural,489.0,6
C03523,26,M,urban,899.0,6
C03524,33,M,rural,775.0,16
C03525,29,F,urban,2931.0,11
C03526,24,F,urban,1268.0,23
C03527,22,F,urban,1428.0,10
C03528,27,F,rural,564.0,11
C03529,24,M,urban,1710.0,15
C03530,37,F,rural,2931.0,24
C03531,21,M,rural,1848.0,18
C03532,21,M,urban,499.0,17
C03533,69,F,rural,830.0,20
C03534,22,F,urban,1170.0,20
C03535,21,M,urban,776.0,14
C03536,19,M,urban,5013.0,9
C03537,24,F,rural,821.0,6
C03538,45,M,rural,1068.0,15
C03539,61,M,urban,765.0,18
C03540,56,M,rural,1260.0,11
C03541,48,M,rural,2513.0,13
C03542,22,M,rural,1175.0,12
C03543,58,F,rural,962.0,15
C03544,19,M,rural,576.0,21
C03545,50,M,rural,2265.0,12
C03546,39,F,urban,1006.0,14
C03547,63,F,rural,980.0,12
C03548,33,F,urban,270.0,9
C03549,51,F,rural,1016.0,18
C03550,40,F,rural,862.0,16
C03551,45,F,urban,367.0,14
C03552,66,F,urban,1986.0,9
C03553,55,F,rural,795.0,22
C03554,39,F,rural,3420.0,20
C03555,41,M,rural,2562.0,19
C03556,54,F,rural,712.0,20
C03557,35,F,urban,2494.0,13
C03558,26,M,urban,2882.0,16
C03559,42,F,rural,784.0,7
C03560,21,M,urban,590.0,20
C03561,26,M,rural,301.0,3
C03562,39,F,urban,1378.0,14
C03563,59,M,urban,612.0,7
C03564,58,M,rural,1403.0,16
C03565,31,M,rural,780.0,9
C03566,39,F,rural,687.0,24
C03567,25,M,urban,783.0,5
C03568,57,F,rural,503.0,21
C03569,30,F,rural,783.0,17
C03570,59,F,rural,705.0,24
C03571,61,F,rural,1087.0,10
C03572,53,F,urban,1167.0,18
C03573,35,M,rural,577.0,3
C03574,67,F,rural,2123.0,17
C03575,53,M,rural,997.0,12
C03576,51,M,rural,2701.0,18
C03577,62,M,urban,1267.0,20
C03578,63,F,rural,1143.0,13
C03579,22,M,urban,817.0,10
C03580,63,F,urban,1586.0,18
C03581,57,M,rural,1119.0,22
C03582,28,M,urban,1836.0,10
C03583,33,M,rural,2872.0,21
C03584,57,F,urban,709.0,12
C03585,29,M,urban,1585.0,22
C03586,41,M,urban,1558.0,17
C03587,53,M,urban,1444.0,17
C03588,51,M,urban,846.0,18
C03589,65,F,urban,856.0,20
C03590,23,M,urban,773.0,21
C03591,33,M,urban,763.0,11
C03592,69,F,urban,662.0,19
C03593,47,M,urban,1030.0,18
C03594,30,M,urban,696.0,16
C03595,33,F,urban,1424.0,7
C03596,35,F,urban,1135.0,13
C03597,46,F,urban,1214.0,7
C03598,32,M,urban,931.0,6
C03599,50,M,urban,1143.0,23
C03600,41,M,rural,945.0,18
C03601,49,M,urban,1751.0,15
C03602,26,M,urban,841.0,12
C03603,50,F,rural,1374.0,4
C03604,66,F,rural,501.0,10
C03605,25,M,urban,1681.0,7
C03606,35,M,rural,784.0,14
C03607,54,F,rural,634.0,13
C03608,50,M,rural,554.0,24
C03609,53,M,rural,528.0,21
C03610,47,M,rural,821.0,16
C03611,53,F,rural,2695.0,22
C03612,49,F,urban,745.0,10
C03613,21,M,rural,291.0,5
C03614,57,M,rural,1366.0,15
C03615,41,F,urban,562.0,4
C03616,20,F,urban,1788.0,23
C03617,39,F,rural,852.0,5
C03618,40,M,rural,930.0,21
C03619,22,F,rural,2249.0,17
C03620,69,F,urban,1589.0,8
C03621,29,F,rural,519.0,14
C03622,35,M,urban,567.0,14
C03623,40,F,rural,376.0,19
C03624,61,M,urban,5229.0,12
C03625,56,M,urban,654.0,16
C03626,58,M,urban,2213.0,12
C03627,30,F,urban,797.0,5
C03628,61,M,urban,574.0,18
C03629,61,F,rural,1111.0,8
C03630,42,M,urban,901.0,9
C03631,46,M,rural,1774.0,10
C03632,19,M,rural,1788.0,15
C03633,57,F,urban,770.0,18
C03634,67,M,rural,462.0,20
C03635,42,M,rural,535.0,16
C03636,46,M,rural,279.0,11
C03637,43,M,rural,930.0,23
C03638,22,M,rural,1089.0,13
C03639,50,M,rural,552.0,6
C03640,55,M,urban,514.0,20
C03641,66,F,urban,1086.0,23
C03642,66,M,rural,751.0,9
C03643,43,M,urban,965.0,7
C03644,67,M,rural,880.0,10
C03645,45,M,urban,1273.0,10
C03646,51,F,urban,781.0,7
C03647,49,M,rural,818.0,3
C03648,69,M,urban,355.0,7
C03649,56,F,urban,1064.0,9
C03650,24,M,rural,1157.0,7
C03651,21,F,rural,986.0,7
C03652,39,F,rural,3453.0,23
C03653,44,M,urban,1209.0,7
C03654,52,M,rural,998.0,21
C03655,43,M,rural,1480.0,15
C03656,44,M,rural,3896.0,12
C03657,65,M,urban,1276.0,20
C03658,35,F,urban,289.0,3
C03659,43,M,rural,1421.0,19
C03660,46,M,rural,647.0,12
C03661,42,M,urban,346.0,21
C03662,68,F,rural,3037.0,24
C03663,68,F,rural,2667.0,19
C03664,44,M,urban,637.0,5
C03665,41,F,rural,640.0,24
C03666,48,M,urban,1207.0,19
C03667,27,F,rural,645.0,3
C03668,40,F,rural,1011.0,7
C03669,29,F,rural,715.0,24
C03670,25,M,rural,862.0,21
C03671,22,M,rural,472.0,12
C03672,48,F,urban,1801.0,24
C03673,18,M,rural,2258.0,13
C03674,51,M,rural,1033.0,22
C03675,40,F,urban,1073.0,15
C03676,37,F,rural,1600.0,17
C03677,58,F,urban,1098.0,3
C03678,46,F,rural,3096.0,24
C03679,56,F,rural,498.0,6
C03680,54,M,rural,1838.0,7
C03681,19,F,rural,1024.0,12
C03682,29,F,urban,560.0,19
C03683,47,F,rural,4223.0,19
C03684,68,M,rural,4588.0,16
C03685,26,M,urban,968.0,22
C03686,23,F,urban,1432.0,18
C03687,66,M,rural,827.0,6
C03688,68,M,rural,910.0,20
C03689,26,F,urban,556.0,8
C03690,38,M,urban,509.0,14
C03691,50,M,urban,3316.0,16
C03692,28,M,rural,1071.0,11
C03693,34,M,rural,1130.0,10
C03694,38,F,rural,674.0,8
C03695,51,M,rural,1229.0,9
C03696,34,M,urban,445.0,24
C03697,39,M,rural,689.0,11
C03698,33,M,urban,534.0,13
C03699,57,M,urban,2382.0,18
C03700,25,M,rural,407.0,8
C03701,29,M,rural,540.0,7
C03702,30,M,rural,321.0,7
C03703,65,M,urban,643.0,4
C03704,67,M,urban,832.0,12
C03705,44,M,urban,1972.0,3
C03706,26,M,rural,960.0,11
C03707,57,M,urban,857.0,14
C03708,43,M,rural,1313.0,8
C03709,62,M,rural,841.0,8
C03710,36,F,rural,4656.0,16
C03711,69,M,rural,769.0,15
C03712,59,F,urban,1406.0,20
C03713,29,F,rural,1801.0,22
C03714,55,M,rural,756.0,8
C03715,32,M,rural,1211.0,9
C03716,36,M,rural,812.0,14
C03717,31,M,urban,1293.0,7
C03718,53,M,urban,1165.0,19
C03719,31,M,urban,1008.0,3
C03720,51,F,rural,548.0,11
C03721,48,M,rural,3355.0,24
C03722,57,F,rural,1559.0,19
C03723,69,F,rural,423.0,14
C03724,18,M,urban,852.0,3
C03725,69,F,rural,428.0,20
C03726,23,F,rural,1732.0,12
C03727,45,M,urban,1082.0,21
C03728,35,M,rural,1099.0,20
C03729,51,M,rural,662.0,24
C03730,55,M,rural,907.0,5
C03731,62,M,urban,1759.0,21
C03732,38,M,rural,2066.0,18
C03733,66,M,rural,1822.0,9
C03734,34,F,rural,432.0,21
C03735,28,M,urban,981.0,15
C03736,37,M,urban,1277.0,17
C03737,45,M,rural,706.0,24
C03738,52,F,urban,405.0,15
C03739,61,F,urban,507.0,16
C03740,29,M,rural,2697.0,22
C03741,33,F,urban,537.0,19
C03742,66,M,urban,1128.0,17
C03743,40,F,rural,998.0,22
C03744,30,F,urban,1000.0,23
C03745,69,M,rural,905.0,16
C03746,41,F,urban,1761.0,5
C03747,69,F,urban,1120.0,18
C03748,65,F,urban,753.0,10
C03749,65,M,urban,1131.0,15
C03750,48,F,urban,510.0,11
C03751,59,M,rural,1459.0,10
C03752,67,F,rural,729.0,24
C03753,31,F,urban,754.0,8
C03754,19,M,urban,1492.0,6
C03755,34,M,rural,859.0,16
C03756,51,M,rural,888.0,17
C03757,46,M,urban,2210.0,24
C03758,22,M,urban,612.0,4
C03759,47,M,urban,1479.0,23
C03760,27,F,rural,1939.0,21
C03761,44,M,urban,2209.0,7
C03762,47,M,rural,4048.0,21
C03763,51,F,urban,746.0,21
C03764,39,M,urban,651.0,5
C03765,39,M,rural,1791.0,3
C03766,53,F,urban,1928.0,17
C03767,56,F,rural,682.0,15
C03768,60,F,rural,1467.0,21
C03769,35,M,rural,5622.0,23
C03770,40,M,rural,1168.0,5
C03771,35,F,urban,1909.0,24
C03772,45,F,urban,2824.0,21
C03773,24,F,rural,4926.0,16
C03774,40,F,rural,1271.0,10
C03775,27,M,urban,2326.0,16
C03776,45,M,urban,683.0,15
C03777,62,F,urban,1113.0,11
C03778,69,F,urban,839.0,4
C03779,41,M,urban,354.0,18
C03780,20,F,rural,419.0,9
C03781,29,M,rural,1419.0,8
C03782,23,F,urban,1436.0,11
C03783,57,M,urban,587.0,3
C03784,69,F,urban,2792.0,11
C03785,46,M,urban,563.0,21
C03786,27,F,rural,1280.0,19
C03787,19,F,urban,855.0,4
C03788,68,M,rural,1169.0,10
C03789,34,F,rural,1880.0,17
C03790,23,F,rural,1727.0,23
C03791,27,F,rural,1677.0,12
C03792,31,M,rural,1553.0,24
C03793,52,F,rural,511.0,3
C03794,64,F,urban,2166.0,23
C03795,32,F,rural,580.0,6
C03796,53,M,urban,1029.0,19
C03797,21,F,urban,888.0,5
C03798,18,M,rural,1353.0,24
C03799,20,M,urban,820.0,7
C03800,66,M,urban,997.0,11
C03801,48,M,urban,2897.0,16
C03802,59,M,urban,504.0,4
C03803,19,M,urban,1095.0,15
C03804,19,F,urban,562.0,9
C03805,62,M,rural,1644.0,12
C03806,23,M,rural,709.0,10
C03807,26,F,urban,1122.0,21
C03808,44,F,rural,495.0,13
C03809,49,F,rural,2380.0,19
C03810,29,F,rural,1146.0,3
C03811,41,F,rural,1191.0,18
C03812,53,F,rural,1803.0,11
C03813,41,F,urban,518.0,16
C03814,37,F,rural,758.0,21
C03815,21,M,rural,1214.0,18
C03816,41,F,rural,381.0,10
C03817,59,F,urban,406.0,7
C03818,50,F,rural,670.0,22
C03819,64,F,rural,553.0,8
C03820,24,M,urban,892.0,3
C03821,18,M,rural,1500.0,9
C03822,46,F,rural,1720.0,3
C03823,27,F,rural,3248.0,19
C03824,48,F,urban,1082.0,22
C03825,65,F,rural,1203.0,12
C03826,35,F,rural,1080.0,16
C03827,46,F,urban,1329.0,24
C03828,53,M,rural,1393.0,23
C03829,25,F,urban,1907.0,3
C03830,64,M,rural,1903.0,4
C03831,28,F,rural,1498.0,11
C03832,60,M,rural,2714.0,9
C03833,52,F,rural,1114.0,6
C03834,25,M,urban,760.0,6
C03835,55,M,rural,838.0,20
C03836,28,F,urban,1029.0,7
C03837,49,F,rural,572.0,13
C03838,67,M,urban,759.0,3
C03839,67,F,rural,553.0,16
C03840,63,M,rural,1348.0,19
C03841,43,M,urban,1356.0,16
C03842,47,M,urban,379.0,9
C03843,33,F,urban,741.0,4
C03844,65,F,urban,3278.0,11
C03845,42,F,urban,1600.0,20
C03846,58,F,rural,1440.0,5
C03847,36,F,rural,736.0,21
C03848,56,F,rural,1303.0,23
C03849,29,F,urban,1087.0,16
C03850,56,M,urban,680.0,21
C03851,20,M,rural,815.0,9
C03852,23,M,rural,827.0,16
C03853,36,F,rural,449.0,18
C03854,43,M,rural,496.0,18
C03855,54,M,rural,973.0,18
C03856,36,F,rural,659.0,7
C03857,18,F,rural,915.0,23
C03858,34,M,urban,418.0,18
C03859,40,M,rural,1774.0,5
C03860,46,M,rural,3821.0,17
C03861,51,M,urban,2031.0,23
C03862,30,F,rural,2161.0,3
C03863,49,F,rural,1597.0,22
C03864,50,M,rural,1286.0,10
C03865,58,M,urban,1155.0,9
C03866,45,M,urban,634.0,13
C03867,60,M,rural,1659.0,18
C03868,29,M,urban,1601.0,5
C03869,55,F,urban,831.0,8
C03870,20,M,urban,1504.0,20
C03871,23,F,urban,723.0,8
C03872,62,M,rural,751.0,10
C03873,42,F,rural,1746.0,17
C03874,50,M,urban,1420.0,8
C03875,49,M,rural,954.0,4
C03876,54,F,urban,890.0,14
C03877,30,F,urban,1218.0,5
C03878,27,M,rural,365.0,11
C03879,20,M,rural,696.0,17
C03880,62,F,urban,513.0,19
C03881,29,F,rural,1104.0,23
C03882,47,F,urban,2107.0,22
C03883,41,M,rural,1460.0,3
C03884,26,M,urban,807.0,13
C03885,39,M,rural,718.0,3
C03886,22,M,rural,698.0,20
C03887,27,F,urban,3640.0,4
C03888,25,F,rural,1142.0,20
C03889,60,M,rural,1236.0,3
C03890,47,F,urban,309.0,5
C03891,66,F,rural,540.0,23
C03892,40,F,rural,1068.0,7
C03893,28,M,urban,813.0,13
C03894,49,M,rural,1188.0,14
C03895,66,M,urban,1178.0,18
C03896,45,M,rural,1572.0,23
C03897,18,M,rural,357.0,12
C03898,33,M,rural,565.0,16
C03899,66,M,rural,1033.0,24
C03900,44,M,rural,744.0,5
C03901,67,F,urban,910.0,13
C03902,44,F,urban,1171.0,9
C03903,18,M,rural,701.0,23
C03904,63,F,urban,1231.0,16
C03905,57,M,rural,1520.0,17
C03906,55,M,urban,1140.0,7
C03907,68,F,urban,1690.0,23
C03908,28,M,urban,298.0,4
C03909,65,M,rural,772.0,13
C03910,30,M,urban,1873.0,18
C03911,68,M,urban,653.0,22
C03912,27,F,rural,602.0,9
C03913,46,M,rural,1017.0,10
C03914,59,M,rural,1085.0,3
C03915,22,M,urban,796.0,17
C03916,21,M,urban,3315.0,7
C03917,62,M,rural,1302.0,16
C03918,21,F,urban,638.0,4
C03919,49,F,urban,462.0,13
C03920,66,M,rural,1399.0,13
C03921,49,F,urban,629.0,14
C03922,43,M,rural,3990.0,9
C03923,39,M,urban,1418.0,6
C03924,51,M,urban,1535.0,20
C03925,47,M,urban,1273.0,22
C03926,44,F,rural,2149.0,9
C03927,25,F,rural,261.0,12
C03928,52,M,rural,533.0,5
C03929,56,M,urban,2040.0,6
C03930,54,F,rural,2698.0,10
C03931,21,M,rural,523.0,18
C03932,54,M,rural,368.0,17
C03933,55,F,rural,1213.0,18
C03934,27,F,rural,1467.0,4
C03935,62,F,rural,1198.0,3
C03936,45,M,urban,1058.0,9
C03937,42,M,rural,361.0,10
C03938,55,M,urban,876.0,14
C03939,44,F,rural,958.0,15
C03940,46,M,urban,789.0,7
C03941,34,M,urban,347.0,21
C03942,66,M,urban,1558.0,19
C03943,68,F,rural,1844.0,9
C03944,24,F,urban,681.0,17
C03945,56,F,rural,981.0,9
C03946,19,M,rural,814.0,4
C03947,37,F,urban,819.0,19
C03948,68,M,rural,1474.0,4
C03949,27,M,rural,1496.0,7
C03950,37,M,rural,2090.0,9
C03951,29,M,urban,2064.0,22
C03952,55,M,rural,989.0,15
C03953,42,F,urban,6035.0,20
C03954,48,M,rural,2779.0,22
C03955,67,M,rural,739.0,22
C03956,45,F,urban,1183.0,16
C03957,56,F,urban,333.0,10
C03958,23,M,rural,1115.0,11
C03959,29,F,urban,2994.0,6
C03960,67,M,urban,5818.0,15
C03961,62,M,urban,1020.0,15
C03962,52,F,rural,1341.0,24
C03963,37,F,urban,1577.0,7
C03964,28,M,rural,3597.0,19
C03965,62,M,rural,608.0,8
C03966,58,M,rural,5395.0,4
C03967,30,M,rural,907.0,11
C03968,48,F,rural,543.0,24
C03969,50,M,urban,908.0,13
C03970,42,F,urban,675.0,7
C03971,66,M,urban,1410.0,10
C03972,24,F,urban,407.0,18
C03973,31,M,urban,1194.0,9
C03974,22,M,rural,1633.0,8
C03975,54,M,urban,2670.0,8
C03976,51,M,urban,1650.0,4
C03977,69,F,rural,2573.0,18
C03978,46,F,urban,762.0,10
C03979,25,F,rural,1389.0,9
C03980,41,M,urban,288.0,10
C03981,22,F,rural,1024.0,18
C03982,52,F,urban,1383.0,22
C03983,53,F,urban,1460.0,19
C03984,62,F,rural,426.0,15
C03985,35,F,rural,868.0,18
C03986,34,M,urban,943.0,7
C03987,21,F,urban,848.0,23
C03988,39,M,rural,1694.0,16
C03989,42,M,urban,963.0,23
C03990,57,F,rural,1164.0,8
C03991,57,M,rural,817.0,6
C03992,25,M,rural,2077.0,18
C03993,32,M,rural,2172.0,10
C03994,44,M,urban,911.0,7
C03995,35,F,rural,6065.0,20
C03996,19,F,rural,692.0,14
C03997,61,M,rural,2007.0,20
C03998,56,F,rural,620.0,8
C03999,45,F,rural,1744.0,4
C04000,34,F,urban,1664.0,12
C04001,61,M,rural,598.0,24
C04002,19,M,rural,1014.0,15
C04003,41,M,urban,3363.0,21
C04004,59,M,rural,673.0,21
C04005,67,F,rural,1396.0,22
C04006,31,M,rural,1341.0,13
C04007,51,M,rural,1069.0,7
C04008,27,F,urban,388.0,22
C04009,24,M,rural,1803.0,14
C04010,36,M,urban,1104.0,10
C04011,64,F,rural,2127.0,12
C04012,53,F,rural,1260.0,20
C04013,43,M,rural,1140.0,10
C04014,32,F,urban,1371.0,21
C04015,25,F,rural,606.0,8
C04016,32,F,rural,2793.0,9
C04017,25,M,urban,875.0,6
C04018,27,F,urban,882.0,22
C04019,53,F,urban,2381.0,22
C04020,24,M,rural,1272.0,7
C04021,20,F,rural,952.0,14
C04022,46,F,rural,1406.0,20
C04023,32,M,rural,1597.0,16
C04024,41,F,rural,1021.0,17
C04025,25,M,rural,1907.0,8
C04026,28,F,urban,512.0,3
C04027,40,F,urban,1283.0,23
C04028,53,M,urban,1773.0,23
C04029,39,M,rural,1593.0,23
C04030,46,M,rural,286.0,3
C04031,45,F,rural,1016.0,17
C04032,31,M,rural,529.0,8
C04033,32,F,rural,2372.0,10
C04034,40,M,rural,867.0,12
C04035,19,M,rural,2219.0,8
C04036,53,F,urban,528.0,16
C04037,49,F,urban,1386.0,16
C04038,33,M,rural,1102.0,23
C04039,37,M,rural,5759.0,21
C04040,35,M,rural,2223.0,18
C04041,51,M,urban,2140.0,24
C04042,57,M,rural,3702.0,12
C04043,23,F,urban,1300.0,4
C04044,39,M,urban,1033.0,22
C04045,18,M,rural,965.0,10
C04046,41,M,rural,1335.0,12
C04047,30,M,urban,208.0,11
C04048,35,F,urban,1098.0,23
C04049,41,M,rural,1256.0,11
C04050,34,M,urban,999.0,18
C04051,38,F,urban,438.0,17
C04052,57,F,rural,1002.0,15
C04053,60,F,rural,437.0,15
C04054,18,F,urban,3179.0,4
C04055,37,F,rural,940.0,22
C04056,62,F,rural,318.0,10
C04057,45,F,urban,969.0,7
C04058,28,M,urban,1877.0,7
C04059,48,F,urban,1219.0,11
C04060,25,F,urban,634.0,16
C04061,19,F,rural,730.0,14
C04062,50,M,rural,923.0,21
C04063,44,F,rural,842.0,20
C04064,57,M,urban,515.0,10
C04065,35,F,rural,1053.0,21
C04066,62,M,rural,493.0,18
C04067,39,F,rural,1938.0,21
C04068,56,F,rural,2085.0,3
C04069,23,M,rural,601.0,14
C04070,23,M,rural,713.0,16
C04071,58,M,rural,851.0,8
C04072,61,F,rural,1076.0,17
C04073,67,F,rural,1279.0,18
C04074,34,F,urban,1448.0,6
C04075,19,M,urban,1428.0,24
C04076,68,F,urban,2786.0,23
C04077,49,F,rural,1137.0,9
C04078,30,M,urban,502.0,7
C04079,57,M,urban,418.0,7
C04080,65,M,rural,2926.0,3
C04081,32,M,urban,1489.0,3
C04082,58,M,rural,1241.0,9
C04083,58,M,urban,1436.0,17
C04084,44,M,rural,1207.0,17
C04085,50,M,urban,1422.0,14
C04086,32,M,rural,877.0,17
C04087,66,F,rural,2065.0,5
C04088,69,M,urban,800.0,24
C04089,69,M,urban,638.0,7
C04090,56,F,rural,398.0,11
C04091,20,M,rural,951.0,17
C04092,37,M,urban,2346.0,5
C04093,41,M,rural,833.0,12
C04094,67,M,urban,480.0,23
C04095,46,F,rural,1301.0,8
C04096,45,M,rural,742.0,16
C04097,25,M,rural,2777.0,16
C04098,59,F,urban,2090.0,4
C04099,35,F,urban,512.0,4
C04100,22,M,urban,988.0,6
C04101,69,M,urban,697.0,3
C04102,27,M,rural,547.0,14
C04103,18,F,rural,1060.0,8
C04104,22,F,urban,1792.0,16
C04105,41,F,urban,1044.0,9
C04106,23,M,rural,805.0,10
C04107,61,M,rural,292.0,5
C04108,44,F,rural,735.0,20
C04109,34,M,urban,1527.0,5
C04110,18,F,urban,490.0,23
C04111,42,M,urban,2367.0,6
C04112,25,M,rural,773.0,24
C04113,68,M,rural,1232.0,18
C04114,33,M,urban,863.0,21
C04115,42,F,urban,541.0,20
C04116,18,M,rural,1428.0,12
C04117,24,F,urban,766.0,6
C04118,28,F,rural,665.0,17
C04119,20,F,urban,264.0,17
C04120,55,F,urban,2396.0,20
C04121,67,F,urban,1101.0,8
C04122,69,F,rural,2130.0,21
C04123,31,M,urban,1591.0,22
C04124,59,F,urban,2130.0,19
C04125,44,F,rural,782.0,8
C04126,20,M,urban,481.0,8
C04127,22,F,urban,1733.0,5
C04128,46,M,urban,1186.0,21
C04129,40,F,rural,829.0,12
C04130,18,M,urban,1712.0,9
C04131,66,F,rural,1319.0,6
C04132,55,M,rural,1609.0,13
C04133,44,F,rural,594.0,7
C04134,69,M,urban,1972.0,21
C04135,68,F,rural,1094.0,10
C04136,68,M,rural,2103.0,12
C04137,31,F,rural,1960.0,17
C04138,63,M,urban,1655.0,18
C04139,44,M,rural,1026.0,5
C04140,55,M,rural,1679.0,4
C04141,62,F,rural,2136.0,9
C04142,26,M,urban,1578.0,19
C04143,41,F,rural,1238.0,21
C04144,24,M,rural,1681.0,24
C04145,32,F,rural,800.0,9
C04146,39,M,rural,2720.0,19
C04147,62,M,rural,400.0,6
C04148,62,M,urban,1120.0,7
C04149,38,M,urban,860.0,14
C04150,35,M,urban,747.0,5
C04151,45,M,rural,1317.0,3
C04152,65,M,urban,558.0,24
C04153,68,F,rural,3988.0,20
C04154,29,M,rural,487.0,17
C04155,27,F,rural,620.0,7
C04156,54,M,rural,586.0,4
C04157,33,M,rural,1235.0,5
C04158,28,M,urban,2016.0,12
C04159,19,M,rural,1504.0,20
C04160,38,M,rural,2653.0,16
C04161,38,F,rural,668.0,21
C04162,47,F,urban,1628.0,23
C04163,28,F,urban,914.0,19
C04164,55,M,rural,1257.0,5
C04165,53,M,rural,2133.0,8
C04166,42,F,rural,397.0,10
C04167,27,M,rural,3621.0,14
C04168,44,M,rural,1005.0,20
C04169,53,M,rural,418.0,24
C04170,37,M,rural,724.0,24
C04171,31,F,rural,1166.0,13
C04172,44,M,urban,724.0,24
C04173,36,M,urban,321.0,23
C04174,38,F,rural,1162.0,6
C04175,36,F,urban,711.0,17
C04176,33,M,rural,1621.0,12
C04177,55,M,urban,578.0,21
C04178,41,F,rural,4260.0,22
C04179,42,M,urban,1492.0,7
C04180,51,M,rural,1234.0,16
C04181,36,M,rural,1594.0,23
C04182,23,M,urban,368.0,17
C04183,62,F,rural,814.0,21
C04184,20,F,rural,3197.0,18
C04185,47,F,rural,905.0,20
C04186,31,F,rural,1056.0,21
C04187,29,F,rural,829.0,23
C04188,20,F,rural,2640.0,7
C04189,64,F,rural,947.0,20
C04190,40,M,rural,517.0,11
C04191,35,M,rural,5153.0,15
C04192,56,M,urban,481.0,17
C04193,20,M,rural,1034.0,17
C04194,47,M,rural,662.0,7
C04195,43,M,rural,720.0,21
C04196,46,F,urban,581.0,18
C04197,24,M,rural,793.0,19
C04198,67,M,rural,1979.0,16
C04199,30,M,urban,350.0,16
C04200,53,M,rural,2337.0,9
C04201,56,F,rural,2107.0,16
C04202,35,M,urban,1488.0,9
C04203,24,M,rural,1183.0,22
C04204,33,M,urban,1295.0,4
C04205,59,F,rural,2576.0,3
C04206,65,F,urban,385.0,19
C04207,66,M,rural,1697.0,18
C04208,29,M,urban,701.0,15
C04209,49,F,rural,1800.0,15
C04210,25,F,rural,759.0,3
C04211,54,M,urban,1676.0,21
C04212,39,M,rural,433.0,21
C04213,55,M,rural,397.0,7
C04214,53,M,rural,1025.0,3
C04215,69,F,rural,2595.0,14
C04216,43,F,rural,1513.0,8
C04217,35,F,rural,1506.0,5
C04218,45,F,rural,1837.0,5
C04219,26,M,urban,864.0,17
C04220,23,F,urban,1582.0,10
C04221,44,M,urban,774.0,19
C04222,60,M,urban,908.0,9
C04223,45,F,rural,979.0,16
C04224,58,M,urban,791.0,8
C04225,27,F,rural,1054.0,15
C04226,41,F,urban,941.0,18
C04227,49,F,urban,717.0,10
C04228,36,F,rural,1008.0,22
C04229,18,M,urban,1204.0,17
C04230,21,M,rural,567.0,7
C04231,66,F,rural,1409.0,22
C04232,49,F,rural,815.0,13
C04233,31,F,rural,1235.0,18
C04234,31,M,rural,736.0,10
C04235,20,M,urban,2060.0,3
C04236,67,M,rural,1946.0,15
C04237,23,F,urban,584.0,14
C04238,57,F,urban,1503.0,18
C04239,30,F,rural,2612.0,19
C04240,35,M,rural,621.0,18
C04241,32,M,rural,651.0,14
C04242,60,M,rural,1705.0,3
C04243,19,M,rural,501.0,16
C04244,36,M,rural,688.0,23
C04245,32,F,urban,597.0,23
C04246,32,M,urban,1717.0,4
C04247,28,M,rural,724.0,22
C04248,65,F,rural,924.0,6
C04249,37,F,urban,700.0,4
C04250,39,M,urban,2184.0,3
C04251,38,M,urban,655.0,14
C04252,68,F,rural,471.0,6
C04253,35,F,urban,460.0,16
C04254,35,F,urban,1663.0,13
C04255,35,M,urban,1736.0,21
C04256,35,M,urban,2320.0,7
C04257,22,F,rural,515.0,8
C04258,49,M,rural,955.0,14
C04259,19,M,urban,4705.0,6
C04260,29,F,rural,915.0,13
C04261,28,M,rural,782.0,16
C04262,33,F,rural,1083.0,16
C04263,57,F,urban,1507.0,13
C04264,49,M,urban,1492.0,5
C04265,69,F,rural,758.0,8
C04266,36,M,rural,772.0,4
C04267,66,F,urban,918.0,23
C04268,20,F,rural,708.0,15
C04269,44,F,urban,523.0,9
C04270,59,M,urban,3245.0,9
C04271,45,F,urban,859.0,4
C04272,66,F,rural,889.0,13
C04273,34,F,urban,906.0,4
C04274,19,F,urban,1045.0,18
C04275,58,M,urban,1423.0,7
C04276,21,F,urban,830.0,5
C04277,57,M,urban,2172.0,5
C04278,56,M,rural,1570.0,3
C04279,61,F,rural,978.0,11
C04280,42,F,rural,735.0,4
C04281,64,F,rural,2103.0,4
C04282,26,M,rural,995.0,7
C04283,40,M,urban,520.0,15
C04284,24,M,urban,2024.0,7
C04285,57,M,rural,709.0,11
C04286,55,F,rural,1847.0,12
C04287,59,F,rural,243.0,16
C04288,57,M,urban,879.0,4
C04289,34,M,urban,2199.0,24
C04290,21,M,urban,1100.0,5
C04291,66,F,rural,1570.0,24
C04292,43,F,rural,638.0,9
C04293,22,M,urban,1351.0,12
C04294,66,M,urban,1099.0,4
C04295,69,M,urban,1269.0,11
C04296,41,M,urban,3728.0,22
C04297,58,F,rural,2399.0,17
C04298,19,F,urban,1764.0,16
C04299,22,M,rural,1777.0,11
C04300,32,F,rural,636.0,23
C04301,52,M,rural,827.0,20
C04302,24,M,rural,437.0,8
C04303,19,F,rural,512.0,16
C04304,52,M,rural,644.0,11
C04305,58,M,urban,1078.0,7
C04306,56,F,urban,526.0,17
C04307,59,F,urban,1071.0,12
C04308,59,M,rural,1000.0,5
C04309,49,F,rural,555.0,22
C04310,45,M,urban,2739.0,16
C04311,62,F,rural,495.0,15
C04312,36,M,rural,2144.0,24
C04313,23,F,rural,284.0,18
C04314,57,M,urban,1007.0,24
C04315,32,F,urban,535.0,18
C04316,68,F,rural,741.0,6
C04317,39,M,urban,3249.0,13
C04318,62,F,rural,891.0,14
C04319,20,M,urban,565.0,9
C04320,52,F,urban,1469.0,9
C04321,41,M,urban,886.0,16
C04322,42,M,rural,1200.0,12
C04323,31,F,urban,634.0,5
C04324,68,M,rural,653.0,15
C04325,38,M,urban,684.0,16
C04326,62,M,rural,1771.0,20
C04327,40,M,urban,957.0,5
C04328,20,M,urban,585.0,13
C04329,63,F,rural,1208.0,22
C04330,27,F,rural,1150.0,8
C04331,32,M,rural,1547.0,19
C04332,62,M,rural,821.0,10
C04333,64,F,urban,1047.0,6
C04334,65,F,rural,1412.0,18
C04335,40,F,urban,598.0,20
C04336,57,M,rural,1866.0,23
C04337,35,M,rural,1108.0,18
C04338,56,F,rural,566.0,9
C04339,44,M,rural,564.0,19
C04340,20,M,rural,1033.0,3
C04341,39,M,rural,788.0,10
C04342,42,F,urban,1725.0,7
C04343,31,M,rural,923.0,14
C04344,37,F,rural,1315.0,18
C04345,44,F,urban,659.0,15
C04346,20,M,rural,1082.0,6
C04347,25,F,urban,2415.0,11
C04348,57,F,rural,1003.0,4
C04349,36,M,rural,787.0,15
C04350,49,F,urban,653.0,19
C04351,47,M,urban,1084.0,8
C04352,46,M,rural,2554.0,14
C04353,39,F,urban,484.0,22
C04354,43,F,rural,1064.0,5
C04355,60,M,urban,392.0,24
C04356,68,F,urban,857.0,10
C04357,31,F,urban,1284.0,10
C04358,52,F,rural,425.0,18
C04359,68,M,rural,840.0,10
C04360,18,M,rural,1305.0,11
C04361,58,M,rural,1186.0,7
C04362,43,F,rural,1344.0,5
C04363,68,M,urban,611.0,22
C04364,48,F,urban,1305.0,5
C04365,61,M,rural,765.0,6
C04366,26,F,urban,1683.0,21
C04367,25,F,rural,274.0,20
C04368,66,F,rural,922.0,7
C04369,45,F,rural,1164.0,21
C04370,47,F,rural,2464.0,18
C04371,26,M,rural,1155.0,9
C04372,29,F,rural,1228.0,4
C04373,60,F,rural,1374.0,20
C04374,33,F,urban,2326.0,17
C04375,48,M,rural,872.0,12
C04376,34,F,urban,473.0,9
C04377,31,M,rural,421.0,10
C04378,26,M,rural,1634.0,9
C04379,66,M,rural,1254.0,22
C04380,66,M,urban,940.0,7
C04381,23,M,rural,772.0,12
C04382,36,M,urban,1222.0,17
C04383,47,F,rural,1244.0,4
C04384,37,M,urban,1462.0,14
C04385,55,M,rural,564.0,16
C04386,31,F,rural,380.0,14
C04387,21,F,rural,634.0,17
C04388,35,M,urban,488.0,13
C04389,49,M,urban,473.0,16
C04390,27,F,urban,2813.0,24
C04391,60,F,urban,281.0,10
C04392,18,F,rural,1454.0,10
C04393,21,M,rural,1890.0,17
C04394,44,F,urban,1983.0,4
C04395,44,F,rural,1295.0,9
C04396,33,F,urban,2421.0,6
C04397,31,F,urban,3197.0,13
C04398,21,F,rural,915.0,5
C04399,52,F,urban,1434.0,7
C04400,37,F,rural,2358.0,12
C04401,24,F,rural,654.0,16
C04402,38,M,rural,947.0,12
C04403,66,M,rural,753.0,20
C04404,31,F,rural,1446.0,20
C04405,64,F,rural,351.0,5
C04406,31,M,rural,2597.0,18
C04407,27,M,urban,1511.0,3
C04408,31,F,rural,1562.0,6
C04409,34,F,rural,266.0,19
C04410,24,M,rural,588.0,15
C04411,48,M,urban,2682.0,10
C04412,35,M,urban,986.0,6
C04413,55,F,rural,390.0,10
C04414,43,F,urban,1253.0,20
C04415,41,F,rural,1648.0,15
C04416,42,M,rural,1509.0,5
C04417,26,F,urban,1002.0,13
C04418,55,M,urban,2168.0,7
C04419,23,F,rural,720.0,5
C04420,55,M,rural,1516.0,4
C04421,69,M,rural,1189.0,19
C04422,57,F,rural,1012.0,6
C04423,41,M,rural,874.0,6
C04424,34,F,rural,892.0,22
C04425,63,F,urban,1118.0,21
C04426,31,M,rural,920.0,14
C04427,43,M,rural,1702.0,19
C04428,58,F,urban,795.0,3
C04429,65,F,rural,2810.0,6
C04430,65,M,urban,774.0,10
C04431,22,M,rural,1905.0,19
C04432,64,F,rural,1955.0,4
C04433,23,M,urban,1211.0,17
C04434,48,F,rural,1148.0,4
C04435,66,F,rural,708.0,24
C04436,52,M,rural,804.0,7
C04437,67,F,rural,1251.0,18
C04438,35,M,urban,1067.0,16
C04439,34,M,urban,2230.0,11
C04440,34,F,urban,835.0,19
C04441,36,F,urban,866.0,16
C04442,53,F,urban,404.0,12
C04443,41,M,rural,1613.0,17
C04444,56,F,urban,1528.0,9
C04445,39,M,rural,1971.0,19
C04446,34,M,urban,2039.0,18
C04447,27,M,urban,1761.0,13
C04448,46,M,rural,1806.0,17
C04449,64,M,rural,1581.0,21
C04450,62,F,rural,1734.0,17
C04451,31,M,urban,363.0,9
C04452,42,F,rural,567.0,9
C04453,54,F,urban,514.0,24
C04454,49,M,rural,2350.0,20
C04455,21,M,rural,686.0,9
C04456,48,M,urban,755.0,18
C04457,20,M,rural,1101.0,3
C04458,24,F,rural,520.0,18
C04459,51,F,urban,1378.0,7
C04460,23,F,urban,305.0,9
C04461,35,M,rural,541.0,23
C04462,48,M,rural,1236.0,6
C04463,52,M,urban,521.0,20
C04464,41,F,urban,2391.0,11
C04465,22,M,rural,1128.0,12
C04466,59,M,urban,2163.0,13
C04467,67,F,rural,1359.0,22
C04468,64,F,rural,1089.0,14
C04469,56,M,urban,603.0,8
C04470,38,F,urban,1915.0,3
C04471,63,M,rural,1429.0,8
C04472,43,M,urban,3831.0,6
C04473,25,M,urban,1803.0,5
C04474,62,M,urban,864.0,24
C04475,34,F,rural,1305.0,12
C04476,66,M,rural,1413.0,24
C04477,37,F,rural,2203.0,14
C04478,63,M,urban,2424.0,7
C04479,45,F,rural,995.0,6
C04480,42,F,rural,529.0,19
C04481,33,M,urban,361.0,5
C04482,61,F,rural,554.0,4
C04483,21,F,rural,769.0,11
C04484,42,F,urban,2704.0,9
C04485,37,M,rural,2729.0,8
C04486,46,F,rural,1951.0,14
C04487,31,M,rural,2294.0,15
C04488,52,F,urban,717.0,12
C04489,38,F,rural,442.0,14
C04490,27,M,rural,599.0,17
C04491,28,F,rural,323.0,6
C04492,54,F,urban,562.0,11
C04493,31,F,urban,810.0,3
C04494,33,M,rural,1212.0,24
C04495,50,M,rural,1189.0,17
C04496,35,M,urban,725.0,20
C04497,38,M,rural,1543.0,20
C04498,30,F,urban,733.0,3
C04499,35,M,rural,1103.0,13
C04500,54,F,rural,563.0,22
C04501,45,F,urban,2107.0,15
C04502,69,F,rural,1110.0,16
C04503,58,M,rural,1648.0,24
C04504,18,F,rural,529.0,19
C04505,37,F,rural,1218.0,19
C04506,33,F,rural,1546.0,20
C04507,48,M,rural,322.0,10
C04508,31,F,urban,2210.0,24
C04509,68,M,rural,518.0,21
C04510,33,F,urban,1245.0,3
C04511,45,M,urban,3205.0,15
C04512,24,M,urban,1945.0,8
C04513,65,F,rural,449.0,14
C04514,65,M,urban,986.0,20
C04515,59,F,urban,2299.0,18
C04516,36,F,urban,672.0,20
C04517,21,M,urban,884.0,12
C04518,54,M,rural,869.0,4
C04519,40,M,urban,1544.0,22
C04520,69,F,urban,436.0,4
C04521,54,F,rural,1597.0,6
C04522,46,M,urban,755.0,18
C04523,69,M,rural,1089.0,12
C04524,59,M,rural,958.0,13
C04525,41,F,rural,1572.0,4
C04526,18,M,urban,1083.0,6
C04527,22,M,rural,2603.0,18
C04528,41,F,rural,1986.0,15
C04529,47,M,rural,680.0,8
C04530,19,M,urban,2488.0,11
C04531,24,F,rural,1328.0,12
C04532,54,F,rural,1214.0,23
C04533,57,M,rural,1824.0,22
C04534,19,F,rural,587.0,13
C04535,44,M,rural,479.0,7
C04536,22,F,rural,1113.0,15
C04537,55,M,urban,762.0,3
C04538,61,F,urban,3806.0,17
C04539,63,M,rural,693.0,15
C04540,49,F,urban,1123.0,22
C04541,50,F,rural,1231.0,12
C04542,66,M,rural,2296.0,15
C04543,49,M,rural,604.0,4
C04544,41,F,urban,417.0,21
C04545,57,M,rural,2532.0,9
C04546,48,F,rural,1151.0,19
C04547,61,F,rural,1783.0,8
C04548,45,M,rural,1834.0,10
C04549,63,M,urban,2034.0,8
C04550,20,F,rural,874.0,22
C04551,19,M,urban,743.0,20
C04552,23,F,rural,331.0,18
C04553,46,M,urban,604.0,9
C04554,54,M,urban,1138.0,19
C04555,29,M,urban,720.0,13
C04556,26,M,urban,553.0,18
C04557,62,F,rural,1130.0,8
C04558,57,M,rural,2455.0,14
C04559,51,F,urban,1060.0,23
C04560,43,F,urban,556.0,4
C04561,39,M,rural,2353.0,20
C04562,19,M,urban,689.0,18
C04563,27,F,rural,2664.0,12
C04564,64,F,urban,936.0,23
C04565,35,F,rural,1167.0,18
C04566,54,M,rural,2798.0,14
C04567,54,F,urban,487.0,9
C04568,34,M,rural,584.0,18
C04569,28,F,rural,902.0,4
C04570,53,M,rural,1008.0,8
C04571,22,F,rural,5352.0,12
C04572,43,M,rural,644.0,7
C04573,64,F,rural,501.0,15
C04574,54,M,rural,625.0,22
C04575,57,F,urban,1261.0,10
C04576,22,M,rural,1473.0,11
C04577,28,F,rural,717.0,11
C04578,32,M,urban,1111.0,18
C04579,33,M,urban,3523.0,18
C04580,28,F,urban,1120.0,8
C04581,68,M,urban,1330.0,22
C04582,26,M,urban,3406.0,17
C04583,54,F,urban,721.0,22
C04584,48,F,urban,694.0,22
C04585,49,F,rural,827.0,15
C04586,29,M,urban,799.0,18
C04587,33,M,urban,368.0,16
C04588,49,F,urban,1191.0,16
C04589,33,M,urban,1249.0,14
C04590,54,F,urban,981.0,8
C04591,20,M,rural,1272.0,11
C04592,21,F,urban,1280.0,18
C04593,55,F,urban,498.0,19
C04594,50,M,rural,1304.0,13
C04595,20,M,rural,1533.0,5
C04596,64,M,rural,421.0,5
C04597,18,M,urban,2638.0,22
C04598,67,F,rural,522.0,5
C04599,55,M,rural,554.0,9
C04600,69,M,urban,1238.0,4
C04601,67,M,rural,1511.0,7
C04602,34,F,rural,1749.0,21
C04603,57,M,rural,1535.0,9
C04604,28,M,urban,803.0,21
C04605,42,F,rural,1170.0,20
C04606,30,M,rural,907.0,18
C04607,43,M,rural,1218.0,8
C04608,63,F,urban,1143.0,24
C04609,40,M,urban,810.0,16
C04610,22,F,urban,890.0,19
C04611,34,F,rural,361.0,10
C04612,58,F,rural,1805.0,17
C04613,45,M,urban,1311.0,17
C04614,47,M,urban,275.0,16
C04615,40,M,urban,1765.0,16
C04616,33,M,rural,1062.0,18
C04617,49,M,urban,625.0,24
C04618,50,F,urban,593.0,22
C04619,64,F,rural,726.0,9
C04620,50,M,rural,627.0,22
C04621,69,F,rural,680.0,10
C04622,60,F,rural,3042.0,8
C04623,22,F,urban,1370.0,7
C04624,38,F,urban,3720.0,18
C04625,38,F,urban,1256.0,13
C04626,18,M,rural,1552.0,21
C04627,27,M,rural,647.0,21
C04628,57,F,urban,991.0,14
C04629,36,F,rural,1044.0,7
C04630,25,F,rural,1591.0,5
C04631,32,F,rural,1065.0,24
C04632,32,M,rural,1354.0,9
C04633,27,M,urban,1325.0,3
C04634,23,F,rural,914.0,11
C04635,57,M,rural,860.0,20
C04636,60,F,rural,734.0,5
C04637,43,F,rural,2099.0,18
C04638,50,F,urban,915.0,12
C04639,65,M,rural,1336.0,22
C04640,61,F,urban,998.0,12
C04641,19,M,urban,2075.0,14
C04642,67,F,urban,333.0,13
C04643,21,M,urban,1315.0,17
C04644,19,F,urban,516.0,4
C04645,38,M,rural,1386.0,4
C04646,56,M,rural,1004.0,15
C04647,22,M,urban,452.0,11
C04648,33,M,urban,1343.0,6
C04649,31,M,urban,1255.0,19
C04650,38,F,urban,955.0,19
C04651,69,F,urban,1030.0,5
C04652,35,M,rural,1208.0,7
C04653,28,F,rural,2224.0,20
C04654,24,F,rural,908.0,13
C04655,28,F,rural,2014.0,9
C04656,24,M,rural,1072.0,14
C04657,47,M,urban,2386.0,10
C04658,39,F,urban,952.0,5
C04659,43,M,urban,735.0,17
C04660,61,M,urban,568.0,18
C04661,48,F,rural,1075.0,4
C04662,26,M,rural,681.0,8
C04663,37,F,rural,2547.0,16
C04664,34,M,urban,650.0,19
C04665,60,F,urban,725.0,23
C04666,33,F,rural,1554.0,16
C04667,25,F,urban,2234.0,5
C04668,56,F,rural,1700.0,10
C04669,40,F,urban,2070.0,8
C04670,22,M,urban,1045.0,24
C04671,53,F,urban,1054.0,3
C04672,28,F,rural,3667.0,11
C04673,63,M,urban,3023.0,14
C04674,61,M,rural,1683.0,9
C04675,37,M,urban,2130.0,19
C04676,46,F,rural,1836.0,5
C04677,47,F,rural,532.0,23
C04678,51,M,rural,1071.0,11
C04679,21,M,urban,2692.0,11
C04680,34,F,urban,1690.0,23
C04681,26,M,rural,1056.0,6
C04682,54,F,rural,2711.0,13
C04683,21,M,urban,1369.0,3
C04684,44,M,urban,1726.0,14
C04685,55,M,urban,1373.0,10
C04686,67,F,rural,1517.0,19
C04687,32,F,urban,1584.0,14
C04688,18,M,urban,2392.0,16
C04689,55,M,urban,2586.0,22
C04690,18,M,rural,837.0,23
C04691,21,M,rural,1357.0,7
C04692,69,F,rural,2351.0,14
C04693,62,M,rural,1013.0,20
C04694,54,M,rural,500.0,5
C04695,61,M,urban,636.0,13
C04696,21,M,rural,663.0,15
C04697,22,M,urban,833.0,22
C04698,33,M,urban,701.0,4
C04699,19,M,rural,2033.0,21
C04700,64,M,urban,929.0,8
C04701,20,M,rural,2337.0,21
C04702,46,F,rural,557.0,17
C04703,62,M,urban,887.0,11
C04704,56,M,urban,1167.0,5
C04705,30,M,rural,1784.0,10
C04706,42,F,rural,2178.0,19
C04707,46,F,rural,794.0,7
C04708,57,F,urban,1990.0,17
C04709,40,F,rural,400.0,8
C04710,32,F,urban,1850.0,4
C04711,59,M,urban,490.0,16
C04712,64,F,rural,1434.0,20
C04713,43,F,urban,2159.0,24
C04714,19,M,urban,1867.0,14
C04715,44,M,urban,410.0,16
C04716,64,M,rural,839.0,17
C04717,69,M,rural,1686.0,12
C04718,38,F,rural,1657.0,3
C04719,25,M,urban,1294.0,8
C04720,47,F,rural,293.0,11
C04721,61,F,rural,2250.0,17
C04722,67,M,urban,2504.0,9
C04723,20,M,urban,1210.0,7
C04724,33,F,urban,1258.0,22
C04725,42,F,rural,1483.0,5
C04726,23,M,rural,2634.0,20
C04727,64,M,urban,1275.0,5
C04728,23,F,urban,978.0,10
C04729,52,F,rural,1379.0,21
C04730,65,M,rural,1089.0,21
C04731,53,M,urban,1097.0,11
C04732,57,F,urban,380.0,3
C04733,31,M,rural,1501.0,23
C04734,61,M,rural,2215.0,22
C04735,39,F,rural,2023.0,13
C04736,21,M,rural,1940.0,3
C04737,37,M,rural,1062.0,18
C04738,36,F,urban,1197.0,20
C04739,45,F,urban,2241.0,21
C04740,31,M,urban,1845.0,19
C04741,42,M,rural,2675.0,22
C04742,40,F,urban,732.0,14
C04743,34,F,urban,730.0,6
C04744,54,F,urban,898.0,18
C04745,33,F,rural,623.0,7
C04746,57,F,rural,496.0,16
C04747,31,F,urban,1453.0,6
C04748,62,F,urban,1395.0,3
C04749,36,M,rural,1271.0,12
C04750,20,F,urban,1356.0,16
C04751,25,F,rural,456.0,6
C04752,59,M,urban,822.0,20
C04753,63,M,rural,920.0,17
C04754,29,F,urban,1129.0,20
C04755,49,M,rural,457.0,10
C04756,47,F,urban,628.0,17
C04757,24,M,urban,844.0,24
C04758,41,M,rural,2069.0,7
C04759,54,M,rural,1283.0,20
C04760,68,F,rural,2024.0,16
C04761,62,M,rural,1019.0,18
C04762,23,F,rural,1097.0,16
C04763,30,M,rural,1479.0,18
C04764,40,M,urban,986.0,20
C04765,25,M,rural,754.0,3
C04766,47,M,urban,449.0,3
C04767,18,F,urban,766.0,4
C04768,23,F,rural,1811.0,23
C04769,20,M,urban,2336.0,12
C04770,33,M,urban,690.0,24
C04771,57,F,urban,388.0,23
C04772,27,F,rural,1912.0,10
C04773,69,M,rural,1143.0,5
C04774,32,F,urban,489.0,21
C04775,20,M,urban,170.0,12
C04776,35,M,urban,615.0,9
C04777,56,F,urban,831.0,20
C04778,23,F,urban,550.0,13
C04779,21,F,urban,1661.0,10
C04780,62,M,rural,673.0,11
C04781,48,M,rural,1105.0,23
C04782,35,F,urban,4556.0,9
C04783,57,M,urban,1177.0,23
C04784,61,M,urban,1023.0,15
C04785,36,F,urban,1037.0,4
C04786,47,M,urban,1638.0,5
C04787,18,M,rural,1521.0,16
C04788,33,M,rural,601.0,6
C04789,48,F,rural,857.0,6
C04790,28,M,urban,735.0,13
C04791,69,M,rural,926.0,12
C04792,68,M,rural,3281.0,23
C04793,31,M,urban,1588.0,22
C04794,38,M,rural,1045.0,23
C04795,27,F,urban,2314.0,4
C04796,44,M,rural,1228.0,20
C04797,24,M,urban,410.0,23
C04798,38,M,rural,2976.0,16
C04799,46,M,urban,998.0,24
C04800,49,M,rural,283.0,20
C04801,49,F,rural,420.0,17
C04802,29,F,rural,2157.0,11
C04803,59,F,rural,424.0,10
C04804,53,M,urban,2464.0,11
C04805,57,F,rural,1151.0,8
C04806,42,F,urban,1683.0,15
C04807,64,M,rural,940.0,12
C04808,38,M,urban,1501.0,9
C04809,59,F,rural,1326.0,6
C04810,28,M,urban,1072.0,14
C04811,30,M,rural,579.0,3
C04812,45,F,rural,1360.0,11
C04813,46,M,urban,369.0,4
C04814,56,F,rural,1918.0,10
C04815,33,M,urban,1234.0,17
C04816,63,M,urban,1449.0,17
C04817,35,M,urban,228.0,3
C04818,45,M,rural,558.0,18
C04819,66,F,rural,810.0,9
C04820,46,F,rural,1643.0,13
C04821,53,F,urban,623.0,17
C04822,65,M,urban,5058.0,3
C04823,68,M,rural,936.0,6
C04824,43,M,urban,596.0,6
C04825,39,M,rural,980.0,10
C04826,28,F,rural,620.0,3
C04827,45,M,urban,539.0,3
C04828,65,M,urban,2011.0,14
C04829,43,M,rural,1492.0,5
C04830,36,F,rural,1495.0,12
C04831,23,M,rural,2359.0,7
C04832,38,F,rural,1469.0,24
C04833,30,F,urban,578.0,5
C04834,68,F,rural,1678.0,13
C04835,45,M,rural,558.0,13
C04836,25,M,rural,823.0,19
C04837,21,M,rural,1067.0,5
C04838,62,F,rural,1004.0,24
C04839,66,F,urban,374.0,9
C04840,57,F,urban,614.0,3
C04841,24,M,rural,1082.0,18
C04842,23,M,rural,760.0,14
C04843,28,F,rural,2155.0,17
C04844,57,M,rural,2389.0,23
C04845,57,F,urban,560.0,11
C04846,61,F,rural,1137.0,22
C04847,23,M,rural,2835.0,23
C04848,25,M,rural,1012.0,15
C04849,64,M,rural,859.0,20
C04850,66,M,rural,1837.0,3
C04851,55,F,rural,930.0,16
C04852,23,M,urban,2351.0,4
C04853,21,M,rural,768.0,12
C04854,20,M,urban,825.0,19
C04855,53,M,urban,1762.0,4
C04856,61,F,rural,1165.0,11
C04857,50,F,rural,1170.0,12
C04858,31,M,rural,349.0,8
C04859,57,M,urban,887.0,14
C04860,21,M,urban,1842.0,20
C04861,61,M,rural,685.0,24
C04862,64,M,rural,1670.0,22
C04863,55,F,rural,1288.0,23
C04864,63,M,rural,973.0,7
C04865,48,M,rural,2477.0,5
C04866,42,M,rural,894.0,7
C04867,34,F,urban,933.0,24
C04868,65,M,rural,966.0,7
C04869,54,F,rural,1151.0,19
C04870,27,M,urban,1737.0,11
C04871,67,F,rural,453.0,18
C04872,21,F,rural,1846.0,19
C04873,48,M,urban,1142.0,22
C04874,27,M,urban,1529.0,4
C04875,52,M,rural,4606.0,10
C04876,39,F,rural,807.0,5
C04877,40,F,rural,526.0,11
C04878,52,M,urban,1232.0,11
C04879,57,M,rural,1355.0,22
C04880,37,M,urban,1850.0,18
C04881,69,M,urban,794.0,5
C04882,43,F,urban,666.0,12
C04883,26,M,rural,437.0,18
C04884,18,M,urban,483.0,19
C04885,28,F,urban,854.0,20
C04886,53,F,urban,1023.0,7
C04887,46,F,rural,3786.0,22
C04888,35,M,urban,397.0,22
C04889,43,F,urban,1341.0,7
C04890,61,F,rural,709.0,17
C04891,47,M,rural,1254.0,17
C04892,21,M,rural,787.0,22
C04893,20,F,rural,2041.0,4
C04894,43,M,rural,2034.0,8
C04895,39,F,rural,1025.0,21
C04896,62,F,rural,2601.0,3
C04897,48,F,rural,1730.0,13
C04898,57,F,urban,2529.0,9
C04899,48,F,urban,1069.0,16
C04900,35,M,urban,1941.0,13
C04901,52,M,urban,692.0,21
C04902,50,F,rural,651.0,4
C04903,55,M,urban,4056.0,14
C04904,27,F,rural,572.0,14
C04905,51,F,rural,844.0,14
C04906,32,M,rural,351.0,4
C04907,59,F,urban,660.0,13
C04908,59,M,rural,604.0,22
C04909,50,F,urban,733.0,16
C04910,67,M,urban,1313.0,5
C04911,45,F,urban,1517.0,18
C04912,19,F,urban,599.0,23
C04913,49,M,rural,683.0,20
C04914,58,M,urban,2101.0,5
C04915,23,M,rural,3051.0,3
C04916,23,F,urban,2330.0,6
C04917,32,M,rural,408.0,10
C04918,61,M,urban,2239.0,23
C04919,45,F,rural,3335.0,12
C04920,68,M,urban,396.0,24
C04921,63,M,rural,2100.0,5
C04922,46,F,rural,1255.0,19
C04923,53,M,rural,901.0,19
C04924,35,M,urban,1169.0,24
C04925,22,F,rural,1431.0,14
C04926,38,F,rural,2196.0,16
C04927,48,M,rural,2129.0,3
C04928,27,F,rural,444.0,22
C04929,29,M,rural,743.0,16
C04930,18,M,rural,1160.0,18
C04931,56,F,rural,2817.0,10
C04932,64,M,urban,213.0,4
C04933,61,M,urban,760.0,18
C04934,37,F,rural,438.0,19
C04935,48,M,rural,482.0,6
C04936,67,M,urban,1981.0,21
C04937,48,M,urban,797.0,3
C04938,33,F,urban,270.0,17
C04939,35,F,urban,997.0,4
C04940,55,F,rural,3720.0,19
C04941,41,M,rural,371.0,12
C04942,61,F,urban,1510.0,10
C04943,62,F,urban,2809.0,19
C04944,19,M,urban,1065.0,20
C04945,55,M,rural,3487.0,16
C04946,37,F,rural,738.0,19
C04947,45,M,urban,2611.0,3
C04948,31,F,urban,2266.0,21
C04949,37,M,rural,1075.0,16
C04950,35,M,rural,449.0,6
C04951,20,F,rural,601.0,13
C04952,58,F,rural,269.0,16
C04953,25,M,rural,1566.0,20
C04954,37,F,rural,1458.0,14
C04955,28,M,rural,1150.0,8
C04956,26,F,urban,1019.0,8
C04957,37,M,urban,2476.0,18
C04958,65,M,urban,1311.0,21
C04959,67,M,rural,786.0,16
C04960,37,M,rural,1198.0,20
C04961,44,M,urban,3746.0,16
C04962,69,M,rural,1593.0,13
C04963,30,F,rural,868.0,11
C04964,67,M,urban,1068.0,13
C04965,23,M,rural,1448.0,3
C04966,29,M,rural,852.0,15
C04967,35,F,urban,808.0,7
C04968,19,M,rural,1089.0,22
C04969,60,M,urban,2728.0,21
C04970,62,F,rural,1763.0,13
C04971,37,M,rural,858.0,16
C04972,61,F,rural,1847.0,3
C04973,58,M,rural,1102.0,15
C04974,59,F,urban,1349.0,21
C04975,59,M,urban,1277.0,14
C04976,47,F,rural,309.0,21
C04977,23,F,urban,176.0,4
C04978,66,M,rural,1256.0,24
C04979,49,M,urban,657.0,10
C04980,64,M,urban,410.0,3
C04981,67,M,rural,670.0,16
C04982,27,F,rural,1910.0,16
C04983,38,F,rural,1359.0,5
C04984,28,F,rural,1742.0,10
C04985,20,F,urban,1439.0,23
C04986,68,F,rural,632.0,7
C04987,66,F,rural,1747.0,4
C04988,66,M,rural,1558.0,21
C04989,63,M,urban,1022.0,17
C04990,51,M,rural,1136.0,13
C04991,45,M,urban,1764.0,9
C04992,69,M,rural,699.0,22
C04993,46,M,urban,2106.0,22
C04994,51,M,rural,1539.0,3
C04995,29,M,rural,1098.0,21
C04996,56,M,rural,2748.0,13
C04997,60,M,rural,504.0,10
C04998,53,M,rural,832.0,10
C04999,43,M,urban,728.0,13
C05000,28,F,rural,1359.0,15
C05001,19,F,rural,2229.0,24
C05002,50,M,urban,608.0,3
C05003,53,M,urban,7969.0,16
C05004,58,M,rural,737.0,4
C05005,67,M,urban,1362.0,3
C05006,43,M,rural,1098.0,9
C05007,61,F,rural,1127.0,20
C05008,55,M,rural,682.0,10
C05009,32,M,urban,2081.0,10
C05010,61,F,urban,657.0,22
C05011,20,M,rural,379.0,9
C05012,49,M,urban,559.0,19
C05013,66,M,rural,2610.0,21
C05014,52,F,urban,2322.0,17
C05015,66,M,urban,329.0,24
C05016,20,F,rural,1787.0,24
C05017,45,F,urban,334.0,4
C05018,58,M,rural,1079.0,6
C05019,51,F,rural,531.0,11
C05020,63,M,rural,1871.0,17
C05021,42,M,rural,1530.0,9
C05022,53,M,urban,1974.0,17
C05023,39,F,urban,919.0,22
C05024,63,M,rural,978.0,3
C05025,24,M,urban,446.0,22
C05026,31,F,urban,591.0,13
C05027,23,M,urban,1937.0,22
C05028,54,F,rural,1367.0,17
C05029,30,F,urban,1167.0,3
C05030,34,F,urban,2339.0,22
C05031,61,F,rural,503.0,4
C05032,36,F,rural,1689.0,8
C05033,25,M,urban,541.0,15
C05034,19,F,rural,2662.0,22
C05035,29,F,rural,1520.0,6
C05036,65,F,urban,1956.0,14
C05037,46,F,urban,720.0,5
C05038,69,M,urban,4061.0,10
C05039,29,M,urban,3638.0,8
C05040,36,M,rural,1420.0,12
C05041,26,M,urban,2220.0,18
C05042,38,F,rural,915.0,18
C05043,47,F,urban,512.0,17
C05044,60,M,urban,1768.0,3
C05045,37,M,rural,632.0,20
C05046,58,F,rural,2407.0,17
C05047,50,M,urban,2056.0,4
C05048,33,F,urban,1263.0,23
C05049,65,F,rural,1221.0,19
C05050,40,M,urban,1985.0,18
C05051,25,M,rural,1293.0,13
C05052,68,F,rural,860.0,20
C05053,65,M,urban,442.0,9
C05054,20,F,rural,1950.0,18
C05055,64,M,urban,1366.0,16
C05056,67,M,rural,5730.0,16
C05057,61,M,rural,1035.0,20
C05058,31,F,rural,1315.0,6
C05059,50,F,rural,1333.0,5
C05060,45,F,rural,1620.0,15
C05061,50,M,urban,614.0,20
C05062,50,F,urban,1047.0,8
C05063,51,M,urban,1802.0,15
C05064,44,F,rural,898.0,24
C05065,53,F,rural,1762.0,16
C05066,45,M,rural,1162.0,4
C05067,18,F,rural,1396.0,22
C05068,19,M,urban,2188.0,24
C05069,67,M,urban,957.0,18
C05070,65,M,urban,459.0,16
C05071,48,F,rural,935.0,15
C05072,27,M,urban,668.0,16
C05073,58,F,urban,306.0,10
C05074,25,M,urban,1029.0,17
C05075,37,F,rural,1236.0,14
C05076,35,F,urban,2023.0,20
C05077,18,M,rural,554.0,21
C05078,59,F,urban,1156.0,18
C05079,44,F,urban,2158.0,24
C05080,34,M,rural,777.0,12
C05081,44,M,rural,1513.0,19
C05082,18,M,rural,2860.0,10
C05083,40,F,urban,359.0,20
C05084,45,F,rural,1292.0,8
C05085,35,F,rural,2203.0,18
C05086,61,F,rural,889.0,3
C05087,30,F,urban,2520.0,19
C05088,25,M,urban,1604.0,9
C05089,45,M,urban,3170.0,8
C05090,64,F,rural,1555.0,10
C05091,37,M,rural,3333.0,12
C05092,20,M,rural,1313.0,5
C05093,68,F,urban,483.0,15
C05094,41,F,urban,751.0,5
C05095,26,F,urban,2020.0,15
C05096,50,M,rural,1997.0,11
C05097,34,F,urban,910.0,16
C05098,66,M,urban,3238.0,6
C05099,33,M,urban,887.0,24
C05100,46,F,urban,1447.0,3
C05101,46,F,rural,1423.0,21
C05102,30,F,urban,494.0,10
C05103,43,F,rural,1026.0,21
C05104,23,F,rural,4574.0,16
C05105,51,M,rural,631.0,21
C05106,57,M,rural,1596.0,15
C05107,67,F,rural,549.0,20
C05108,34,F,rural,627.0,17
C05109,32,M,urban,469.0,17
C05110,46,M,rural,1929.0,15
C05111,54,M,urban,650.0,8
C05112,69,M,urban,2346.0,21
C05113,19,F,urban,797.0,21
C05114,30,M,rural,1184.0,18
C05115,31,M,urban,1404.0,9
C05116,31,F,urban,416.0,11
C05117,42,M,urban,1239.0,18
C05118,63,M,urban,1353.0,7
C05119,19,M,urban,2173.0,5
C05120,60,M,rural,617.0,11
C05121,50,M,urban,672.0,15
C05122,49,M,rural,1629.0,22
C05123,53,M,rural,2559.0,10
C05124,24,M,rural,769.0,7
C05125,56,M,rural,523.0,18
C05126,30,M,urban,907.0,22
C05127,44,F,rural,597.0,21
C05128,53,M,urban,1392.0,16
C05129,49,M,urban,574.0,3
C05130,34,F,urban,1966.0,17
C05131,38,M,rural,1246.0,5
C05132,42,M,rural,2003.0,20
C05133,20,F,urban,256.0,23
C05134,55,F,rural,382.0,16
C05135,23,M,urban,2382.0,8
C05136,41,F,urban,712.0,9
C05137,52,F,urban,455.0,19
C05138,22,M,rural,971.0,19
C05139,69,M,rural,1268.0,20
C05140,37,M,urban,997.0,5
C05141,18,F,urban,1452.0,19
C05142,52,M,rural,1339.0,24
C05143,46,M,rural,1297.0,3
C05144,51,M,urban,2463.0,12
C05145,57,F,rural,1087.0,19
C05146,42,M,rural,1068.0,14
C05147,60,M,rural,1775.0,24
C05148,37,M,urban,1528.0,17
C05149,46,F,rural,638.0,11
C05150,26,M,rural,1038.0,16
C05151,50,F,urban,1426.0,18
C05152,31,M,rural,771.0,20
C05153,54,M,rural,794.0,9
C05154,59,M,rural,476.0,23
C05155,62,M,rural,194.0,24
C05156,66,M,urban,876.0,7
C05157,24,F,rural,1184.0,7
C05158,25,M,urban,568.0,11
C05159,66,F,rural,2507.0,9
C05160,37,M,urban,585.0,7
C05161,19,F,urban,1896.0,6
C05162,32,M,urban,1410.0,18
C05163,61,M,rural,4047.0,24
C05164,36,M,rural,1516.0,5
C05165,21,F,rural,460.0,15
C05166,55,F,urban,2064.0,9
C05167,28,F,urban,3037.0,8
C05168,36,F,rural,379.0,15
C05169,18,M,urban,1609.0,5
C05170,49,M,rural,1838.0,4
C05171,41,M,rural,965.0,22
C05172,63,F,rural,256.0,12
C05173,35,M,urban,918.0,4
C05174,28,M,rural,774.0,22
C05175,26,F,rural,2746.0,17
C05176,28,M,rural,1040.0,19
C05177,41,F,rural,856.0,16
C05178,22,M,urban,771.0,13
C05179,38,F,rural,1333.0,19
C05180,62,F,urban,1135.0,10
C05181,57,F,rural,683.0,18
C05182,51,M,rural,1285.0,22
C05183,64,M,rural,785.0,21
C05184,58,M,urban,232.0,15
C05185,51,M,rural,1637.0,3
C05186,62,F,urban,1547.0,3
C05187,24,M,rural,1236.0,12
C05188,60,M,rural,841.0,17
C05189,33,M,rural,1050.0,4
C05190,56,F,urban,1793.0,12
C05191,65,M,rural,751.0,11
C05192,43,M,rural,1837.0,13
C05193,22,M,rural,453.0,15
C05194,37,M,rural,1213.0,9
C05195,39,F,rural,1114.0,16
C05196,66,M,urban,2001.0,12
C05197,67,F,urban,632.0,23
C05198,47,F,rural,675.0,10
C05199,67,F,rural,475.0,23
C05200,40,F,urban,781.0,24
C05201,39,F,urban,1278.0,9
C05202,61,M,rural,373.0,11
C05203,52,M,rural,841.0,18
C05204,45,F,rural,1582.0,13
C05205,41,F,rural,1031.0,18
C05206,54,M,rural,1147.0,8
C05207,57,M,rural,444.0,24
C05208,43,M,urban,1033.0,18
C05209,19,M,rural,1116.0,4
C05210,23,M,rural,994.0,8
C05211,25,M,rural,1202.0,16
C05212,42,M,urban,911.0,9
C05213,49,F,rural,834.0,11
C05214,59,F,rural,588.0,17
C05215,30,F,urban,1968.0,10
C05216,58,F,rural,525.0,22
C05217,52,M,rural,1206.0,16
C05218,20,M,rural,3255.0,12
C05219,36,F,rural,2124.0,9
C05220,33,F,urban,1489.0,9
C05221,64,F,rural,1274.0,3
C05222,65,F,urban,1016.0,4
C05223,60,F,rural,639.0,20
C05224,45,F,rural,942.0,19
C05225,43,F,rural,1548.0,4
C05226,34,F,rural,1386.0,15
C05227,58,M,rural,1760.0,10
C05228,22,M,urban,2280.0,18
C05229,32,M,urban,997.0,16
C05230,25,M,urban,1230.0,20
C05231,43,F,rural,351.0,16
C05232,33,M,rural,4246.0,7
C05233,28,M,rural,856.0,17
C05234,37,F,urban,1621.0,21
C05235,62,M,rural,855.0,24
C05236,47,F,rural,843.0,18
C05237,60,M,rural,951.0,11
C05238,65,M,rural,520.0,14
C05239,64,M,rural,248.0,6
C05240,36,M,rural,2199.0,17
C05241,63,M,urban,1521.0,6
C05242,65,M,urban,633.0,8
C05243,67,M,rural,1438.0,14
C05244,36,M,rural,1798.0,13
C05245,29,F,urban,724.0,11
C05246,48,M,urban,1404.0,17
C05247,66,M,rural,2006.0,23
C05248,64,M,urban,463.0,23
C05249,47,F,urban,1510.0,14
C05250,25,F,rural,1365.0,15
C05251,39,F,rural,3389.0,12
C05252,55,F,urban,1532.0,22
C05253,47,M,urban,857.0,21
C05254,35,F,urban,919.0,4
C05255,35,M,urban,3692.0,20
C05256,21,F,rural,886.0,3
C05257,33,M,urban,1559.0,18
C05258,52,M,urban,950.0,10
C05259,30,F,rural,2098.0,14
C05260,69,F,rural,2161.0,20
C05261,22,F,urban,1082.0,8
C05262,48,M,urban,859.0,5
C05263,43,M,rural,847.0,15
C05264,61,M,rural,389.0,21
C05265,64,M,rural,1165.0,5
C05266,46,M,urban,1151.0,11
C05267,50,M,rural,672.0,14
C05268,54,F,urban,365.0,8
C05269,45,M,urban,1241.0,21
C05270,27,F,rural,1339.0,16
C05271,40,F,rural,1390.0,14
C05272,30,F,urban,605.0,6
C05273,42,M,urban,1391.0,4
C05274,49,M,rural,985.0,6
C05275,28,M,urban,1842.0,3
C05276,30,F,urban,611.0,14
C05277,60,M,urban,2187.0,21
C05278,37,M,urban,2713.0,19
C05279,28,F,rural,1176.0,7
C05280,55,F,urban,1397.0,7
C05281,55,F,rural,1755.0,14
C05282,60,M,rural,593.0,20
C05283,57,F,urban,819.0,20
C05284,69,M,rural,1225.0,14
C05285,47,M,urban,3700.0,8
C05286,32,F,rural,535.0,13
C05287,62,F,rural,2930.0,19
C05288,31,M,rural,977.0,22
C05289,33,M,urban,1074.0,4
C05290,61,M,rural,2277.0,20
C05291,63,F,rural,3688.0,19
C05292,35,F,urban,1413.0,7
C05293,55,M,urban,2206.0,4
C05294,65,M,urban,631.0,9
C05295,59,F,urban,798.0,9
C05296,18,F,urban,487.0,5
C05297,52,M,rural,805.0,8
C05298,26,F,rural,1539.0,7
C05299,62,F,urban,1245.0,22
C05300,21,M,rural,3091.0,4
C05301,69,F,rural,3762.0,14
C05302,27,F,rural,1010.0,10
C05303,39,M,rural,729.0,21
C05304,30,F,rural,2200.0,13
C05305,60,F,rural,2341.0,15
C05306,38,M,urban,1429.0,11
C05307,56,M,urban,1675.0,20
C05308,21,F,rural,1525.0,17
C05309,41,M,urban,606.0,15
C05310,65,M,urban,528.0,11
C05311,66,M,urban,1064.0,12
C05312,28,F,rural,972.0,8
C05313,38,F,urban,1295.0,17
C05314,39,F,rural,1014.0,9
C05315,47,F,urban,395.0,9
C05316,45,M,rural,309.0,13
C05317,23,M,rural,1707.0,23
C05318,57,F,rural,737.0,12
C05319,29,M,urban,954.0,22
C05320,34,F,urban,785.0,14
C05321,61,M,rural,634.0,4
C05322,53,M,rural,624.0,15
C05323,38,F,urban,2022.0,23
C05324,65,M,rural,950.0,22
C05325,38,M,rural,1605.0,7
C05326,47,M,urban,1740.0,8
C05327,30,M,rural,1326.0,17
C05328,27,M,rural,1774.0,12
C05329,43,F,rural,1106.0,21
C05330,47,M,urban,2486.0,14
C05331,59,F,urban,1797.0,8
C05332,38,F,urban,1947.0,10
C05333,64,M,urban,624.0,5
C05334,49,M,urban,1284.0,9
C05335,21,F,rural,365.0,19
C05336,56,F,rural,2542.0,7
C05337,47,F,urban,754.0,12
C05338,38,M,rural,820.0,6
C05339,42,F,urban,483.0,13
C05340,33,F,urban,1073.0,24
C05341,49,F,rural,934.0,19
C05342,47,M,rural,3274.0,19
C05343,41,F,urban,1836.0,8
C05344,32,M,rural,805.0,9
C05345,38,F,rural,404.0,5
C05346,43,M,rural,279.0,23
C05347,42,F,rural,592.0,24
C05348,34,M,urban,493.0,10
C05349,48,F,urban,1352.0,18
C05350,29,M,rural,1005.0,7
C05351,44,M,rural,1108.0,17
C05352,24,F,urban,621.0,5
C05353,42,F,urban,1201.0,10
C05354,58,M,urban,468.0,11
C05355,60,F,urban,1040.0,24
C05356,54,M,urban,1805.0,13
C05357,56,F,rural,881.0,7
C05358,21,F,urban,1431.0,4
C05359,35,F,rural,335.0,6
C05360,52,F,urban,319.0,8
C05361,59,M,urban,1335.0,10
C05362,48,M,rural,2055.0,5
C05363,62,F,urban,951.0,19
C05364,32,M,urban,3972.0,11
C05365,25,M,rural,461.0,8
C05366,22,F,urban,729.0,14
C05367,48,M,urban,1193.0,9
C05368,52,M,rural,1449.0,18
C05369,32,F,urban,773.0,14
C05370,58,M,rural,581.0,23
C05371,56,M,urban,1591.0,17
C05372,36,M,urban,1188.0,11
C05373,30,M,rural,892.0,6
C05374,56,F,rural,1479.0,5
C05375,52,F,urban,1010.0,17
C05376,26,F,rural,1008.0,3
C05377,31,M,rural,986.0,11
C05378,43,M,rural,670.0,3
C05379,44,M,rural,630.0,10
C05380,26,F,rural,800.0,22
C05381,67,F,rural,1118.0,4
C05382,38,M,urban,357.0,24
C05383,37,F,rural,1933.0,24
C05384,21,F,rural,1109.0,21
C05385,63,M,rural,579.0,18
C05386,30,F,rural,2893.0,6
C05387,69,F,urban,1124.0,5
C05388,43,M,urban,492.0,23
C05389,63,M,rural,2816.0,11
C05390,27,F,rural,2472.0,12
C05391,26,F,rural,636.0,4
C05392,59,F,urban,903.0,4
C05393,60,F,rural,833.0,14
C05394,46,F,rural,353.0,11
C05395,19,M,rural,1333.0,18
C05396,67,M,urban,1821.0,21
C05397,38,M,rural,1626.0,4
C05398,66,F,urban,1118.0,24
C05399,63,F,rural,1930.0,23
C05400,62,F,urban,555.0,15
C05401,53,M,rural,3265.0,11
C05402,53,M,urban,690.0,6
C05403,45,F,urban,738.0,8
C05404,19,M,urban,777.0,18
C05405,38,M,rural,743.0,5
C05406,55,F,rural,977.0,24
C05407,60,F,rural,954.0,6
C05408,47,F,rural,1185.0,19
C05409,54,M,urban,671.0,21
C05410,19,M,urban,1212.0,9
C05411,42,M,urban,570.0,13
C05412,44,M,rural,1702.0,15
C05413,64,M,rural,1689.0,20
C05414,34,M,urban,1093.0,4
C05415,29,F,rural,743.0,7
C05416,36,M,rural,1322.0,6
C05417,26,M,rural,644.0,9
C05418,47,M,urban,1120.0,17
C05419,51,F,rural,1001.0,12
C05420,59,M,rural,5313.0,13
C05421,68,M,rural,525.0,12
C05422,21,M,rural,221.0,3
C05423,30,M,urban,748.0,5
C05424,33,F,rural,392.0,7
C05425,30,M,rural,709.0,3
C05426,61,M,rural,503.0,21
C05427,25,F,rural,637.0,24
C05428,19,M,rural,579.0,13
C05429,62,F,urban,1954.0,17
C05430,67,M,urban,1065.0,4
C05431,29,F,rural,2091.0,4
C05432,35,M,rural,1124.0,16
C05433,44,M,rural,1914.0,19
C05434,45,M,urban,915.0,23
C05435,69,F,rural,2855.0,10
C05436,39,M,rural,1455.0,12
C05437,18,F,rural,687.0,20
C05438,39,F,urban,1590.0,6
C05439,46,M,urban,1115.0,23
C05440,44,M,rural,971.0,9
C05441,44,M,rural,1162.0,3
C05442,65,F,urban,1721.0,20
C05443,59,F,rural,308.0,24
C05444,31,M,urban,888.0,13
C05445,36,M,urban,1652.0,6
C05446,52,F,urban,1273.0,6
C05447,39,M,urban,558.0,9
C05448,40,M,rural,265.0,14
C05449,26,M,urban,3043.0,16
C05450,31,M,rural,980.0,18
C05451,56,F,rural,2720.0,18
C05452,61,F,urban,1767.0,8
C05453,58,M,urban,681.0,6
C05454,34,M,urban,244.0,23
C05455,25,F,rural,831.0,6
C05456,26,M,rural,1072.0,14
C05457,38,M,rural,1437.0,9
C05458,44,M,rural,563.0,19
C05459,64,F,rural,1220.0,10
C05460,64,F,rural,1220.0,5
C05461,18,F,rural,1981.0,10
C05462,54,M,rural,912.0,5
C05463,33,F,urban,1430.0,6
C05464,28,M,urban,1304.0,13
C05465,46,F,rural,1854.0,24
C05466,19,M,rural,671.0,7
C05467,35,M,urban,174.0,20
C05468,46,M,rural,951.0,14
C05469,32,M,urban,955.0,24
C05470,48,M,rural,548.0,14
C05471,41,F,rural,444.0,5
C05472,59,F,urban,777.0,12
C05473,27,F,rural,1024.0,4
C05474,20,M,rural,1161.0,7
C05475,45,M,rural,278.0,14
C05476,31,M,rural,383.0,22
C05477,54,M,rural,2160.0,16
C05478,22,M,rural,979.0,11
C05479,47,F,rural,1095.0,16
C05480,69,F,urban,493.0,8
C05481,22,M,urban,1094.0,5
C05482,33,F,urban,875.0,19
C05483,61,F,urban,757.0,21
C05484,45,M,rural,456.0,16
C05485,27,F,rural,651.0,13
C05486,29,M,rural,3580.0,13
C05487,57,M,urban,889.0,11
C05488,62,F,rural,1761.0,24
C05489,36,F,rural,975.0,14
C05490,42,M,urban,909.0,22
C05491,58,M,rural,749.0,3
C05492,27,F,urban,2459.0,10
C05493,28,M,rural,1372.0,7
C05494,58,F,urban,683.0,5
C05495,27,F,rural,866.0,24
C05496,58,M,rural,2091.0,4
C05497,43,F,rural,200.0,15
C05498,69,F,urban,1321.0,7
C05499,19,F,urban,1514.0,4
C05500,67,M,rural,699.0,24
C05501,29,M,urban,1203.0,9
C05502,19,M,urban,1482.0,10
C05503,55,F,rural,524.0,7
C05504,45,F,rural,1817.0,18
C05505,61,F,rural,1311.0,23
C05506,23,F,urban,1000.0,10
C05507,22,M,rural,1168.0,20
C05508,47,M,rural,1676.0,11
C05509,63,F,urban,4401.0,15
C05510,39,M,urban,1581.0,20
C05511,59,F,urban,1784.0,23
C05512,65,M,rural,1232.0,16
C05513,63,M,urban,3432.0,11
C05514,44,F,rural,455.0,13
C05515,54,M,urban,387.0,22
C05516,45,M,urban,1202.0,10
C05517,53,F,rural,1630.0,13
C05518,47,F,rural,234.0,20
C05519,45,F,rural,1094.0,21
C05520,40,F,rural,984.0,12
C05521,51,F,urban,1714.0,22
C05522,57,M,rural,1418.0,21
C05523,65,M,urban,371.0,13
C05524,49,F,rural,574.0,9
C05525,23,M,rural,676.0,6
C05526,48,F,rural,1708.0,5
C05527,34,F,urban,1373.0,7
C05528,19,M,urban,756.0,4
C05529,21,M,rural,1196.0,9
C05530,48,F,rural,581.0,24
C05531,67,M,urban,3751.0,7
C05532,44,M,urban,1548.0,11
C05533,41,F,urban,1758.0,11
C05534,22,M,urban,2505.0,14
C05535,53,M,urban,2018.0,14
C05536,20,F,rural,1118.0,15
C05537,61,F,rural,981.0,4
C05538,60,M,rural,2376.0,10
C05539,69,F,urban,1114.0,23
C05540,32,F,urban,700.0,24
C05541,26,M,urban,3569.0,3
C05542,33,M,rural,625.0,16
C05543,59,F,rural,387.0,6
C05544,29,M,urban,1990.0,14
C05545,64,F,rural,707.0,3
C05546,26,F,rural,1424.0,19
C05547,20,M,rural,3263.0,24
C05548,29,F,rural,481.0,5
C05549,57,M,rural,1070.0,12
C05550,49,F,urban,2671.0,7
C05551,36,M,rural,1651.0,7
C05552,52,F,rural,984.0,20
C05553,51,M,rural,4599.0,5
C05554,46,F,urban,1036.0,5
C05555,44,F,rural,1391.0,11
C05556,23,M,urban,2950.0,9
C05557,31,M,rural,1975.0,24
C05558,45,F,rural,2424.0,11
C05559,25,F,urban,639.0,15
C05560,42,M,rural,2291.0,5
C05561,24,M,rural,1214.0,10
C05562,58,F,rural,701.0,7
C05563,23,M,rural,1253.0,11
C05564,22,F,rural,1229.0,9
C05565,51,M,urban,3364.0,5
C05566,29,M,rural,1379.0,15
C05567,36,F,rural,686.0,14
C05568,34,M,rural,598.0,14
C05569,29,F,rural,1066.0,12
C05570,57,F,rural,489.0,14
C05571,53,M,urban,714.0,19
C05572,30,M,rural,947.0,8
C05573,53,M,rural,851.0,7
C05574,55,F,urban,1696.0,17
C05575,46,F,urban,704.0,6
C05576,48,F,urban,249.0,10
C05577,66,M,rural,399.0,15
C05578,41,M,urban,1085.0,15
C05579,38,M,urban,771.0,19
C05580,46,F,urban,522.0,13
C05581,61,M,rural,3551.0,13
C05582,54,M,urban,1803.0,3
C05583,21,M,urban,1059.0,20
C05584,41,M,rural,1261.0,8
C05585,56,F,urban,935.0,21
C05586,29,F,urban,517.0,17
C05587,69,F,rural,2035.0,23
C05588,60,M,urban,1828.0,22
C05589,62,F,urban,335.0,11
C05590,22,M,urban,1256.0,11
C05591,48,F,urban,1342.0,22
C05592,45,F,rural,904.0,22
C05593,50,M,rural,3860.0,18
C05594,62,F,urban,3616.0,23
C05595,36,M,rural,874.0,16
C05596,45,M,rural,959.0,3
C05597,53,M,rural,894.0,15
C05598,57,M,rural,760.0,11
C05599,58,F,rural,631.0,3
C05600,35,F,rural,1486.0,15
C05601,69,F,rural,3558.0,15
C05602,18,F,urban,2780.0,19
C05603,43,F,rural,1761.0,20
C05604,49,M,rural,259.0,10
C05605,21,M,rural,358.0,24
C05606,41,M,rural,2077.0,12
C05607,48,F,urban,2898.0,12
C05608,49,F,urban,1529.0,6
C05609,24,F,rural,913.0,24
C05610,32,M,rural,2469.0,11
C05611,30,M,rural,1724.0,6
C05612,51,F,urban,2170.0,21
C05613,35,M,urban,360.0,24
C05614,47,F,urban,1347.0,7
C05615,56,M,urban,3180.0,15
C05616,59,M,rural,1505.0,22
C05617,27,F,rural,1937.0,17
C05618,64,F,rural,1121.0,12
C05619,26,F,rural,1169.0,15
C05620,19,M,urban,2544.0,5
C05621,20,M,rural,734.0,24
C05622,28,F,rural,692.0,14
C05623,63,F,rural,823.0,3
C05624,28,M,rural,1112.0,10
C05625,54,F,urban,417.0,12
C05626,39,M,urban,1700.0,24
C05627,20,M,rural,994.0,22
C05628,41,F,rural,1830.0,9
C05629,19,F,rural,308.0,6
C05630,42,M,urban,1834.0,3
C05631,47,M,rural,2446.0,15
C05632,45,F,urban,1427.0,12
C05633,32,F,rural,1117.0,14
C05634,57,F,urban,1843.0,9
C05635,49,M,rural,2352.0,20
C05636,31,F,urban,1501.0,14
C05637,40,F,urban,1570.0,23
C05638,23,M,urban,2964.0,8
C05639,66,M,rural,1731.0,8
C05640,57,F,rural,678.0,15
C05641,32,F,rural,2345.0,18
C05642,53,F,rural,1018.0,9
C05643,53,F,rural,1119.0,15
C05644,49,F,rural,1169.0,14
C05645,20,M,urban,1961.0,17
C05646,63,M,rural,3132.0,16
C05647,67,F,rural,1113.0,7
C05648,68,M,rural,3099.0,5
C05649,68,M,urban,1210.0,8
C05650,66,F,urban,2544.0,5
C05651,56,M,urban,1235.0,15
C05652,20,F,rural,816.0,14
C05653,42,M,rural,3475.0,3
C05654,30,M,rural,771.0,21
C05655,29,M,rural,740.0,18
C05656,61,F,rural,516.0,13
C05657,60,F,urban,2346.0,6
C05658,45,M,urban,2703.0,6
C05659,56,M,rural,1372.0,23
C05660,24,M,urban,608.0,8
C05661,29,F,urban,1092.0,21
C05662,62,F,rural,915.0,17
C05663,41,F,urban,591.0,16
C05664,46,M,rural,818.0,21
C05665,42,F,rural,1485.0,22
C05666,28,M,rural,763.0,8
C05667,60,M,rural,1306.0,24
C05668,57,M,urban,378.0,5
C05669,53,M,urban,3003.0,20
C05670,36,M,rural,867.0,11
C05671,51,F,urban,1849.0,16
C05672,67,M,rural,1228.0,21
C05673,51,F,urban,1396.0,12
C05674,43,F,rural,556.0,4
C05675,32,F,rural,695.0,20
C05676,45,M,rural,704.0,5
C05677,37,F,rural,1113.0,18
C05678,49,M,rural,2430.0,12
C05679,20,M,urban,1422.0,13
C05680,27,M,rural,639.0,8
C05681,58,F,rural,1156.0,14
C05682,37,F,rural,1045.0,7
C05683,40,F,rural,888.0,8
C05684,46,F,urban,1087.0,13
C05685,40,M,urban,1734.0,20
C05686,57,F,rural,712.0,14
C05687,30,F,urban,891.0,22
C05688,57,M,rural,1977.0,9
C05689,28,F,rural,1453.0,3
C05690,37,F,rural,2362.0,9
C05691,48,M,urban,2595.0,5
C05692,64,M,urban,485.0,14
C05693,30,M,rural,1304.0,24
C05694,48,F,rural,809.0,13
C05695,21,M,rural,534.0,6
C05696,21,M,urban,683.0,15
C05697,57,F,urban,916.0,19
C05698,55,F,rural,919.0,22
C05699,37,F,rural,762.0,13
C05700,50,F,rural,1088.0,12
C05701,37,M,rural,4760.0,14
C05702,32,M,rural,390.0,7
C05703,40,F,rural,2170.0,5
C05704,34,M,rural,1085.0,19
C05705,60,F,rural,843.0,6
C05706,39,F,rural,327.0,18
C05707,34,F,urban,1733.0,15
C05708,45,F,rural,462.0,13
C05709,57,F,rural,1802.0,11
C05710,32,F,rural,3118.0,24
C05711,66,M,urban,508.0,20
C05712,42,M,rural,2211.0,6
C05713,52,M,rural,1114.0,24
C05714,67,F,rural,312.0,5
C05715,40,M,urban,532.0,20
C05716,28,M,urban,1220.0,12
C05717,56,F,rural,1395.0,11
C05718,18,M,rural,425.0,14
C05719,41,F,urban,1118.0,13
C05720,68,M,urban,1797.0,5
C05721,39,M,rural,1996.0,6
C05722,53,M,urban,856.0,19
C05723,45,M,urban,1427.0,18
C05724,29,F,rural,2087.0,11
C05725,34,F,rural,1829.0,12
C05726,45,F,urban,1872.0,11
C05727,23,F,urban,1174.0,21
C05728,39,F,rural,1036.0,4
C05729,39,F,rural,1291.0,17
C05730,61,M,rural,693.0,9
C05731,24,M,urban,2137.0,6
C05732,61,F,rural,438.0,6
C05733,39,F,rural,810.0,12
C05734,51,M,urban,1073.0,6
C05735,46,M,rural,1454.0,17
C05736,33,M,rural,1627.0,10
C05737,66,M,urban,2680.0,21
C05738,29,F,rural,1149.0,6
C05739,19,M,urban,713.0,10
C05740,57,F,rural,1005.0,11
C05741,50,F,rural,905.0,17
C05742,64,M,urban,1498.0,9
C05743,41,F,urban,578.0,6
C05744,18,F,urban,987.0,11
C05745,19,M,rural,2903.0,22
C05746,40,M,urban,1222.0,20
C05747,30,F,urban,583.0,15
C05748,65,M,rural,894.0,24
C05749,24,M,rural,287.0,19
C05750,63,M,rural,1059.0,19
C05751,29,M,rural,2947.0,11
C05752,24,F,urban,538.0,13
C05753,32,M,rural,458.0,23
C05754,25,F,rural,741.0,23
C05755,38,M,urban,1906.0,18
C05756,35,F,rural,3050.0,5
C05757,45,M,rural,1435.0,6
C05758,45,F,urban,507.0,13
C05759,18,F,urban,1082.0,15
C05760,24,M,urban,3209.0,16
C05761,26,F,rural,910.0,8
C05762,28,M,urban,1193.0,20
C05763,22,F,rural,1267.0,21
C05764,34,F,urban,434.0,7
C05765,46,M,rural,1996.0,20
C05766,34,M,rural,1830.0,6
C05767,35,M,urban,332.0,13
C05768,42,F,urban,494.0,22
C05769,46,F,rural,613.0,9
C05770,35,M,urban,1718.0,18
C05771,29,M,urban,699.0,21
C05772,39,M,rural,1395.0,13
C05773,19,F,rural,983.0,21
C05774,43,M,rural,1144.0,17
C05775,66,M,rural,1477.0,14
C05776,38,F,rural,1291.0,5
C05777,23,M,rural,1084.0,18
C05778,54,F,urban,1334.0,9
C05779,24,M,rural,1249.0,9
C05780,28,M,rural,967.0,23
C05781,25,F,rural,847.0,10
C05782,63,M,rural,3389.0,10
C05783,69,M,rural,841.0,23
C05784,47,F,rural,2490.0,9
C05785,50,F,rural,727.0,19
C05786,51,F,urban,1783.0,14
C05787,49,M,urban,3198.0,4
C05788,46,M,rural,896.0,15
C05789,69,M,urban,735.0,13
C05790,56,F,rural,848.0,18
C05791,22,F,rural,1084.0,11
C05792,38,M,rural,1330.0,8
C05793,68,F,rural,1071.0,8
C05794,38,M,urban,852.0,14
C05795,28,F,urban,3543.0,24
C05796,63,M,rural,972.0,12
C05797,50,M,urban,756.0,5
C05798,47,F,rural,1805.0,21
C05799,39,F,urban,1822.0,9
C05800,24,M,urban,2559.0,12
C05801,37,M,rural,3487.0,21
C05802,40,F,rural,1350.0,5
C05803,66,M,rural,922.0,5
C05804,33,F,urban,350.0,7
C05805,25,F,rural,625.0,11
C05806,40,M,rural,1243.0,21
C05807,69,M,rural,540.0,16
C05808,43,M,urban,424.0,20
C05809,37,F,urban,1141.0,10
C05810,52,M,rural,1748.0,12
C05811,51,F,rural,946.0,11
C05812,33,M,urban,1878.0,5
C05813,68,F,urban,1588.0,15
C05814,48,M,rural,2185.0,10
C05815,20,M,rural,4040.0,23
C05816,39,F,rural,5263.0,18
C05817,65,F,rural,1701.0,22
C05818,38,M,rural,832.0,7
C05819,47,M,rural,1138.0,5
C05820,49,F,rural,2818.0,12
C05821,54,M,urban,642.0,15
C05822,63,M,rural,2614.0,15
C05823,25,M,rural,990.0,17
C05824,44,M,rural,1257.0,21
C05825,45,F,urban,675.0,10
C05826,25,F,rural,496.0,9
C05827,53,M,rural,928.0,8
C05828,24,F,urban,2397.0,10
C05829,41,M,rural,720.0,16
C05830,35,F,urban,2886.0,20
C05831,26,M,urban,778.0,12
C05832,60,M,urban,578.0,12
C05833,30,F,rural,1277.0,22
C05834,31,M,urban,1648.0,10
C05835,62,M,rural,1228.0,6
C05836,63,M,rural,1201.0,10
C05837,19,F,rural,2869.0,3
C05838,32,M,rural,1161.0,11
C05839,54,F,rural,827.0,22
C05840,58,F,urban,556.0,20
C05841,69,F,urban,2355.0,22
C05842,46,M,urban,849.0,9
C05843,18,F,rural,901.0,12
C05844,63,M,urban,2061.0,21
C05845,26,F,rural,3761.0,19
C05846,24,F,rural,1275.0,7
C05847,53,M,rural,1010.0,21
C05848,49,F,urban,1093.0,5
C05849,21,M,urban,834.0,8
C05850,26,M,urban,886.0,14
C05851,48,M,rural,889.0,17
C05852,31,F,rural,1894.0,20
C05853,53,F,rural,1040.0,19
C05854,39,F,rural,2479.0,9
C05855,48,M,rural,1023.0,10
C05856,42,F,urban,880.0,18
C05857,36,F,urban,2361.0,23
C05858,35,F,urban,1111.0,22
C05859,54,M,urban,1017.0,24
C05860,44,M,urban,1119.0,17
C05861,48,F,rural,2644.0,13
C05862,48,M,urban,1318.0,19
C05863,28,M,urban,2321.0,4
C05864,65,M,urban,953.0,23
C05865,47,M,urban,2108.0,23
C05866,55,M,urban,1265.0,14
C05867,63,M,urban,1862.0,14
C05868,66,F,urban,1959.0,14
C05869,52,F,rural,623.0,6
C05870,58,M,urban,1145.0,7
C05871,42,M,urban,1948.0,19
C05872,56,F,rural,2143.0,3
C05873,34,M,urban,2326.0,18
C05874,55,F,rural,1168.0,9
C05875,22,F,urban,2763.0,6
C05876,65,M,rural,739.0,16
C05877,30,M,rural,447.0,9
C05878,52,M,rural,928.0,12
C05879,18,F,urban,2247.0,22
C05880,26,M,rural,572.0,18
C05881,69,F,urban,454.0,24
C05882,61,F,rural,391.0,11
C05883,29,F,urban,1705.0,11
C05884,24,F,rural,460.0,18
C05885,60,M,urban,1524.0,5
C05886,69,M,rural,901.0,21
C05887,26,F,urban,691.0,10
C05888,52,M,urban,602.0,13
C05889,32,M,rural,1241.0,14
C05890,56,M,rural,698.0,4
C05891,39,M,urban,1093.0,9
C05892,24,F,urban,1395.0,6
C05893,34,M,rural,1584.0,16
C05894,46,F,rural,1921.0,18
C05895,59,F,rural,1211.0,3
C05896,19,M,rural,584.0,3
C05897,67,F,rural,1450.0,20
C05898,51,M,rural,1626.0,10
C05899,63,M,urban,983.0,21
C05900,66,M,rural,923.0,17
C05901,25,M,rural,4842.0,20
C05902,22,M,urban,505.0,11
C05903,58,M,rural,1475.0,9
C05904,27,M,urban,2054.0,18
C05905,25,M,urban,894.0,16
C05906,42,F,rural,991.0,15
C05907,65,M,rural,862.0,11
C05908,59,F,urban,1097.0,16
C05909,44,F,rural,1881.0,11
C05910,28,F,urban,974.0,22
C05911,35,F,rural,7089.0,18
C05912,53,F,rural,836.0,11
C05913,26,F,rural,2506.0,21
C05914,45,F,urban,1520.0,4
C05915,18,F,urban,1170.0,21
C05916,34,M,rural,2650.0,12
C05917,30,F,urban,420.0,8
C05918,53,F,urban,1415.0,21
C05919,65,M,urban,713.0,17
C05920,25,M,rural,844.0,4
C05921,59,F,urban,821.0,8
C05922,52,F,rural,615.0,12
C05923,68,M,urban,407.0,16
C05924,65,M,rural,1385.0,20
C05925,23,M,rural,1054.0,11
C05926,56,F,urban,916.0,20
C05927,48,F,rural,1729.0,20
C05928,23,F,rural,1438.0,11
C05929,31,M,urban,934.0,23
C05930,66,M,rural,6840.0,23
C05931,46,F,rural,2020.0,9
C05932,35,F,rural,4755.0,15
C05933,34,M,rural,855.0,22
C05934,61,M,rural,1274.0,14
C05935,32,M,rural,522.0,19
C05936,26,F,urban,899.0,20
C05937,47,F,rural,772.0,15
C05938,69,M,rural,6616.0,10
C05939,27,F,urban,724.0,14
C05940,31,F,rural,953.0,21
C05941,42,F,rural,458.0,10
C05942,28,M,rural,1511.0,21
C05943,51,M,rural,639.0,7
C05944,31,F,rural,1903.0,13
C05945,24,F,rural,375.0,4
C05946,31,F,rural,1019.0,21
C05947,66,F,rural,362.0,18
C05948,66,M,urban,817.0,5
C05949,44,M,urban,923.0,7
C05950,38,M,rural,766.0,14
C05951,60,F,rural,812.0,13
C05952,28,M,rural,1964.0,5
C05953,52,F,urban,4043.0,22
C05954,53,F,urban,1344.0,13
C05955,54,F,rural,655.0,17
C05956,29,F,urban,1140.0,19
C05957,55,F,rural,887.0,6
C05958,49,M,urban,1870.0,10
C05959,63,F,rural,1303.0,19
C05960,27,M,rural,426.0,20
C05961,49,M,urban,2119.0,7
C05962,61,F,rural,1959.0,10
C05963,32,F,urban,2689.0,20
C05964,56,M,rural,804.0,10
C05965,23,M,rural,1314.0,4
C05966,55,M,rural,539.0,13
C05967,49,F,urban,1063.0,6
C05968,28,F,urban,1392.0,16
C05969,21,M,urban,749.0,23
C05970,56,F,rural,1347.0,5
C05971,30,F,urban,1213.0,9
C05972,43,F,rural,837.0,15
C05973,21,M,urban,2536.0,6
C05974,68,F,rural,953.0,14
C05975,46,M,rural,1188.0,7
C05976,66,M,urban,455.0,16
C05977,26,M,rural,1497.0,10
C05978,28,M,rural,824.0,23
C05979,49,F,rural,1948.0,21
C05980,49,M,rural,499.0,24
C05981,59,M,rural,1420.0,6
C05982,66,M,rural,296.0,23
C05983,60,M,rural,1587.0,3
C05984,25,F,urban,987.0,7
C05985,34,M,rural,1394.0,22
C05986,65,M,rural,765.0,21
C05987,46,F,urban,620.0,9
C05988,63,M,rural,845.0,21
C05989,47,F,urban,1231.0,4
C05990,20,F,urban,1550.0,10
C05991,42,F,rural,1316.0,3
C05992,60,F,urban,625.0,14
C05993,52,M,rural,3303.0,22
C05994,24,F,urban,1339.0,16
C05995,28,F,rural,755.0,14
C05996,62,M,rural,1415.0,7
C05997,68,F,rural,1279.0,16
C05998,57,M,rural,987.0,10
C05999,23,F,urban,920.0,16
C06000,50,F,urban,1980.0,5
C06001,61,M,rural,3092.0,14
C06002,51,F,rural,323.0,13
C06003,48,F,rural,2295.0,19
C06004,42,F,rural,1110.0,23
C06005,30,M,urban,1264.0,22
C06006,32,F,urban,2468.0,10
C06007,56,F,rural,223.0,17
C06008,21,M,rural,1788.0,17
C06009,22,F,rural,2367.0,21
C06010,38,F,rural,725.0,20
C06011,58,F,rural,475.0,3
C06012,52,F,rural,2934.0,20
C06013,48,M,urban,382.0,13
C06014,45,F,rural,1410.0,23
C06015,23,F,urban,2026.0,16
C06016,35,M,urban,1391.0,11
C06017,22,M,rural,1539.0,7
C06018,57,M,urban,935.0,23
C06019,57,F,urban,1448.0,6
C06020,31,M,rural,717.0,4
C06021,33,F,rural,775.0,5
C06022,34,F,urban,1120.0,15
C06023,64,F,rural,435.0,9
C06024,43,M,rural,1550.0,15
C06025,57,F,urban,248.0,21
C06026,41,M,rural,1363.0,9
C06027,54,F,rural,1442.0,3
C06028,45,M,rural,681.0,10
C06029,32,F,rural,523.0,16
C06030,63,M,rural,858.0,19
C06031,54,M,rural,1610.0,4
C06032,58,F,urban,1349.0,22
C06033,67,M,rural,563.0,16
C06034,30,F,rural,1168.0,13
C06035,22,F,urban,1283.0,8
C06036,48,M,rural,1251.0,24
C06037,34,M,rural,607.0,6
C06038,40,F,urban,1204.0,12
C06039,30,F,urban,1902.0,13
C06040,38,F,rural,1513.0,15
C06041,38,M,urban,1404.0,8
C06042,36,F,rural,2938.0,23
C06043,56,M,urban,1213.0,11
C06044,48,F,rural,662.0,18
C06045,42,F,rural,663.0,16
C06046,23,F,urban,1219.0,7
C06047,47,M,rural,463.0,23
C06048,27,M,urban,910.0,13
C06049,34,M,urban,1449.0,16
C06050,39,M,rural,2214.0,17
C06051,25,M,urban,434.0,14
C06052,38,F,rural,1164.0,17
C06053,31,M,rural,1053.0,15
C06054,62,M,urban,1122.0,19
C06055,62,F,urban,1194.0,13
C06056,18,M,rural,1076.0,20
C06057,49,M,urban,2528.0,15
C06058,51,F,rural,2313.0,24
C06059,37,M,urban,3968.0,15
C06060,42,M,rural,1090.0,15
C06061,59,F,urban,857.0,13
C06062,37,M,rural,614.0,11
C06063,21,M,rural,803.0,20
C06064,37,M,urban,1684.0,16
C06065,31,M,rural,1847.0,11
C06066,37,F,urban,1645.0,20
C06067,29,M,urban,736.0,5
C06068,25,M,urban,738.0,4
C06069,69,M,rural,3547.0,17
C06070,24,F,rural,666.0,13
C06071,54,M,urban,2566.0,20
C06072,55,F,rural,1398.0,17
C06073,50,M,rural,707.0,20
C06074,65,F,urban,539.0,8
C06075,18,M,urban,725.0,8
C06076,33,M,urban,1409.0,8
C06077,27,M,urban,635.0,17
C06078,48,M,rural,2787.0,17
C06079,51,F,rural,968.0,24
C06080,64,F,urban,1669.0,7
C06081,37,F,rural,1591.0,5
C06082,30,M,urban,2902.0,24
C06083,66,F,rural,843.0,14
C06084,52,M,rural,1169.0,11
C06085,57,F,urban,473.0,9
C06086,41,F,rural,1167.0,22
C06087,41,F,urban,2173.0,20
C06088,38,F,rural,1251.0,6
C06089,56,F,urban,4392.0,10
C06090,28,F,rural,1498.0,22
C06091,68,M,rural,793.0,19
C06092,27,F,rural,1442.0,20
C06093,41,M,rural,456.0,6
C06094,34,M,rural,679.0,15
C06095,51,F,urban,528.0,4
C06096,53,M,rural,1107.0,12
C06097,65,F,rural,1058.0,5
C06098,59,M,rural,2260.0,8
C06099,30,M,rural,1033.0,8
C06100,28,F,urban,601.0,7
C06101,64,M,urban,2795.0,21
C06102,43,F,urban,187.0,11
C06103,23,F,urban,1122.0,6
C06104,60,F,rural,1250.0,24
C06105,51,M,urban,1090.0,3
C06106,19,F,rural,1480.0,6
C06107,58,M,urban,1172.0,21
C06108,49,M,rural,1480.0,12
C06109,49,M,urban,764.0,11
C06110,62,M,urban,457.0,9
C06111,43,M,rural,1067.0,15
C06112,41,M,urban,592.0,10
C06113,50,M,rural,708.0,4
C06114,28,F,rural,2201.0,24
C06115,25,M,urban,2793.0,22
C06116,61,M,rural,2177.0,6
C06117,29,M,urban,1948.0,14
C06118,44,M,urban,1137.0,12
C06119,32,F,rural,2017.0,4
C06120,29,F,urban,1357.0,11
C06121,49,F,urban,3528.0,16
C06122,59,F,rural,632.0,5
C06123,40,M,rural,1642.0,11
C06124,25,F,rural,514.0,8
C06125,30,M,rural,1647.0,10
C06126,26,M,rural,391.0,16
C06127,63,M,rural,529.0,11
C06128,34,M,urban,508.0,19
C06129,37,F,urban,1276.0,14
C06130,21,M,rural,1357.0,18
C06131,41,M,urban,4771.0,16
C06132,65,M,urban,1038.0,20
C06133,39,F,rural,1743.0,6
C06134,51,F,rural,1208.0,24
C06135,27,F,rural,1658.0,19
C06136,25,F,urban,1195.0,7
C06137,56,F,rural,2121.0,3
C06138,21,M,urban,583.0,3
C06139,41,M,rural,253.0,18
C06140,34,M,urban,1409.0,12
C06141,18,M,rural,371.0,7
C06142,45,F,rural,2409.0,9
C06143,68,M,urban,789.0,12
C06144,21,M,rural,588.0,3
C06145,60,F,urban,5543.0,15
C06146,46,M,urban,1085.0,3
C06147,55,M,urban,967.0,17
C06148,23,M,rural,1718.0,4
C06149,63,F,urban,1789.0,20
C06150,18,M,rural,2172.0,8
C06151,65,M,rural,493.0,14
C06152,52,M,rural,1513.0,11
C06153,35,F,urban,920.0,22
C06154,18,M,rural,631.0,20
C06155,49,M,urban,1129.0,24
C06156,22,F,urban,370.0,18
C06157,49,F,rural,1908.0,24
C06158,58,M,rural,921.0,7
C06159,31,M,urban,823.0,10
C06160,30,M,urban,1010.0,20
C06161,29,F,urban,992.0,3
C06162,29,M,urban,2174.0,6
C06163,23,F,urban,568.0,18
C06164,30,F,urban,872.0,11
C06165,52,F,urban,963.0,8
C06166,33,M,urban,579.0,9
C06167,58,F,rural,1207.0,19
C06168,60,F,rural,710.0,13
C06169,57,F,rural,472.0,3
C06170,46,M,urban,1504.0,14
C06171,34,F,rural,2775.0,20
C06172,66,F,urban,1129.0,6
C06173,28,F,rural,1031.0,4
C06174,42,F,urban,1018.0,16
C06175,41,M,rural,805.0,22
C06176,56,M,urban,2213.0,4
C06177,46,F,rural,1160.0,17
C06178,59,F,urban,297.0,20
C06179,65,F,rural,2252.0,6
C06180,38,M,rural,1944.0,8
C06181,63,M,urban,1573.0,14
C06182,26,F,rural,210.0,16
C06183,65,F,urban,1095.0,14
C06184,27,M,rural,1874.0,7
C06185,62,M,urban,1377.0,22
C06186,38,F,rural,1240.0,12
C06187,68,M,rural,1877.0,14
C06188,24,M,rural,1192.0,14
C06189,42,M,rural,2258.0,15
C06190,64,M,rural,1208.0,9
C06191,20,M,rural,1152.0,10
C06192,31,F,urban,1873.0,6
C06193,22,F,rural,863.0,19
C06194,34,F,urban,568.0,9
C06195,38,F,rural,1099.0,4
C06196,50,M,urban,1563.0,4
C06197,31,M,rural,1911.0,24
C06198,26,M,rural,1917.0,12
C06199,26,M,rural,1052.0,16
C06200,66,F,urban,989.0,14
C06201,67,M,urban,769.0,21
C06202,29,F,rural,1274.0,22
C06203,28,M,rural,410.0,20
C06204,20,M,rural,1112.0,24
C06205,67,M,rural,6062.0,7
C06206,54,M,urban,445.0,12
C06207,57,F,rural,1205.0,9
C06208,33,F,rural,1376.0,21
C06209,51,M,urban,1486.0,9
C06210,21,F,rural,614.0,20
C06211,53,F,urban,1494.0,7
C06212,48,M,urban,796.0,18
C06213,35,M,urban,466.0,3
C06214,54,M,rural,1941.0,20
C06215,51,M,rural,1634.0,21
C06216,40,F,urban,614.0,15
C06217,27,M,rural,791.0,14
C06218,19,M,rural,774.0,13
C06219,66,F,urban,409.0,16
C06220,32,M,urban,1733.0,15
C06221,33,F,urban,1772.0,13
C06222,53,M,urban,898.0,14
C06223,31,M,rural,1078.0,5
C06224,37,M,rural,1175.0,13
C06225,54,M,urban,1270.0,12
C06226,48,M,rural,489.0,22
C06227,52,F,urban,1470.0,9
C06228,18,F,urban,542.0,24
C06229,41,F,urban,1650.0,22
C06230,42,M,urban,579.0,20
C06231,50,F,urban,503.0,18
C06232,25,M,urban,1078.0,9
C06233,26,F,urban,1064.0,6
C06234,57,F,rural,1167.0,20
C06235,53,F,rural,642.0,18
C06236,60,M,urban,1239.0,21
C06237,32,F,rural,1311.0,15
C06238,69,F,urban,2207.0,22
C06239,32,M,rural,1225.0,4
C06240,51,F,urban,765.0,5
C06241,26,M,rural,489.0,4
C06242,65,M,urban,438.0,10
C06243,35,F,urban,1331.0,6
C06244,59,F,rural,1765.0,3
C06245,35,M,rural,643.0,20
C06246,59,M,rural,1278.0,6
C06247,41,M,rural,988.0,21
C06248,21,M,urban,1687.0,17
C06249,27,M,rural,1844.0,16
C06250,53,M,urban,282.0,5
C06251,28,F,rural,2037.0,3
C06252,32,M,rural,1276.0,6
C06253,46,M,urban,797.0,9
C06254,31,M,rural,811.0,24
C06255,24,M,urban,1118.0,11
C06256,50,M,urban,811.0,8
C06257,53,M,rural,625.0,9
C06258,56,M,urban,717.0,10
C06259,67,M,urban,588.0,15
C06260,24,F,rural,2460.0,20
C06261,40,F,urban,1134.0,4
C06262,30,M,urban,4237.0,20
C06263,64,M,urban,1370.0,3
C06264,46,M,rural,1561.0,10
C06265,23,M,urban,580.0,15
C06266,53,F,rural,962.0,5
C06267,20,F,urban,1146.0,8
C06268,32,M,rural,748.0,17
C06269,55,M,urban,830.0,18
C06270,44,M,urban,1411.0,4
C06271,57,M,rural,1428.0,20
C06272,47,F,rural,492.0,11
C06273,61,M,urban,1300.0,16
C06274,47,M,urban,1528.0,7
C06275,20,M,rural,770.0,24
C06276,21,M,urban,724.0,19
C06277,58,M,urban,1429.0,17
C06278,20,M,rural,234.0,7
C06279,37,M,rural,1098.0,20
C06280,18,M,rural,2924.0,11
C06281,33,F,rural,231.0,17
C06282,48,M,rural,1797.0,17
C06283,26,M,urban,1520.0,20
C06284,42,F,rural,463.0,21
C06285,69,M,urban,1499.0,11
C06286,21,F,rural,2000.0,4
C06287,21,F,rural,541.0,12
C06288,32,M,urban,717.0,11
C06289,61,M,rural,1114.0,10
C06290,39,F,rural,1972.0,13
C06291,51,M,rural,793.0,15
C06292,19,M,urban,1069.0,16
C06293,56,F,urban,736.0,11
C06294,21,M,rural,1113.0,16
C06295,55,F,rural,2055.0,24
C06296,25,F,urban,1169.0,17
C06297,62,F,urban,885.0,16
C06298,33,F,rural,1075.0,9
C06299,27,F,urban,678.0,10
C06300,35,M,urban,604.0,4
C06301,18,F,urban,2258.0,14
C06302,26,F,rural,2930.0,4
C06303,49,F,rural,374.0,20
C06304,33,F,rural,1555.0,24
C06305,36,F,urban,1836.0,20
C06306,59,M,rural,530.0,6
C06307,24,F,urban,826.0,17
C06308,38,M,rural,776.0,12
C06309,27,M,urban,3431.0,3
C06310,43,M,rural,2956.0,18
C06311,35,F,rural,631.0,22
C06312,20,F,rural,457.0,13
C06313,21,M,urban,1744.0,23
C06314,62,M,rural,1520.0,4
C06315,20,M,rural,2313.0,22
C06316,58,M,urban,581.0,17
C06317,65,M,rural,1693.0,17
C06318,42,F,rural,707.0,14
C06319,34,M,rural,1594.0,3
C06320,58,M,rural,1072.0,12
C06321,69,M,urban,3430.0,23
C06322,24,M,rural,1434.0,13
C06323,68,F,urban,908.0,4
C06324,67,M,urban,1191.0,13
C06325,25,M,rural,1032.0,6
C06326,20,F,rural,549.0,12
C06327,55,M,rural,3481.0,16
C06328,22,F,rural,2862.0,4
C06329,49,F,urban,987.0,13
C06330,21,F,rural,1669.0,14
C06331,53,F,urban,3755.0,19
C06332,30,M,rural,2303.0,4
C06333,23,M,rural,912.0,16
C06334,21,M,rural,1040.0,16
C06335,27,M,rural,391.0,3
C06336,46,M,rural,1746.0,5
C06337,21,M,rural,2312.0,17
C06338,59,M,rural,2321.0,21
C06339,49,M,urban,1670.0,21
C06340,33,F,rural,1355.0,19
C06341,69,M,urban,603.0,21
C06342,52,M,rural,1329.0,16
C06343,52,M,rural,751.0,6
C06344,27,F,rural,1503.0,14
C06345,54,M,rural,693.0,10
C06346,47,F,rural,1497.0,8
C06347,69,M,rural,2426.0,5
C06348,42,M,urban,1375.0,3
C06349,53,F,urban,1336.0,19
C06350,35,M,urban,1897.0,6
C06351,20,M,rural,3172.0,16
C06352,24,M,rural,1028.0,9
C06353,63,M,rural,1499.0,13
C06354,56,M,urban,2716.0,11
C06355,36,M,urban,1639.0,9
C06356,54,M,rural,330.0,13
C06357,18,F,rural,714.0,20
C06358,19,M,urban,1721.0,14
C06359,44,M,urban,863.0,20
C06360,50,F,urban,2602.0,23
C06361,66,M,rural,3343.0,13
C06362,57,F,rural,770.0,20
C06363,31,M,rural,590.0,5
C06364,60,F,rural,883.0,15
C06365,43,F,rural,853.0,13
C06366,60,M,urban,2756.0,3
C06367,27,F,urban,589.0,22
C06368,19,F,urban,1712.0,19
C06369,21,F,rural,2522.0,15
C06370,69,M,rural,1793.0,18
C06371,22,M,rural,1425.0,19
C06372,66,M,rural,995.0,20
C06373,55,F,urban,3326.0,9
C06374,25,M,urban,947.0,12
C06375,62,M,rural,1937.0,10
C06376,25,F,rural,997.0,23
C06377,25,M,urban,363.0,5
C06378,47,F,rural,933.0,22
C06379,32,M,rural,998.0,10
C06380,33,F,rural,1006.0,20
C06381,28,M,rural,738.0,6
C06382,49,M,urban,1596.0,21
C06383,19,M,urban,1707.0,14
C06384,30,M,urban,913.0,24
C06385,46,M,urban,908.0,11
C06386,43,M,rural,584.0,24
C06387,54,F,rural,1277.0,21
C06388,29,M,rural,2507.0,3
C06389,51,M,urban,2508.0,11
C06390,57,M,urban,765.0,11
C06391,38,M,rural,3622.0,7
C06392,31,F,urban,882.0,22
C06393,46,M,urban,596.0,4
C06394,48,F,urban,484.0,8
C06395,22,F,urban,575.0,8
C06396,47,F,urban,1340.0,12
C06397,26,F,urban,940.0,18
C06398,47,M,rural,751.0,3
C06399,66,F,urban,660.0,16
C06400,45,F,rural,572.0,11
C06401,57,F,rural,643.0,16
C06402,34,M,rural,2017.0,4
C06403,65,M,rural,3236.0,21
C06404,60,F,urban,3358.0,15
C06405,65,M,urban,1656.0,8
C06406,56,F,rural,816.0,20
C06407,51,M,rural,735.0,13
C06408,45,M,urban,1726.0,11
C06409,66,M,rural,946.0,6
C06410,62,M,rural,1404.0,13
C06411,39,M,rural,3492.0,7
C06412,22,F,rural,1249.0,19
C06413,18,F,rural,4301.0,11
C06414,30,F,rural,558.0,5
C06415,21,F,rural,1434.0,18
C06416,28,F,rural,1324.0,21
C06417,23,M,rural,608.0,21
C06418,69,F,urban,1774.0,13
C06419,22,F,rural,2748.0,9
C06420,50,F,rural,4112.0,7
C06421,36,M,rural,1404.0,11
C06422,27,F,urban,351.0,5
C06423,54,M,rural,1460.0,22
C06424,68,M,urban,1712.0,8
C06425,59,F,rural,952.0,20
C06426,68,F,urban,1248.0,11
C06427,48,M,rural,821.0,18
C06428,53,M,rural,1012.0,23
C06429,25,F,urban,2019.0,11
C06430,62,M,rural,2524.0,24
C06431,56,M,rural,512.0,10
C06432,31,F,urban,807.0,8
C06433,36,F,urban,423.0,18
C06434,49,M,urban,3304.0,6
C06435,18,M,rural,1849.0,5
C06436,60,M,rural,330.0,11
C06437,32,M,urban,1055.0,14
C06438,21,F,urban,925.0,13
C06439,35,F,rural,697.0,4
C06440,61,M,urban,2042.0,15
C06441,32,M,rural,2014.0,16
C06442,46,M,urban,1289.0,9
C06443,60,M,rural,746.0,15
C06444,19,M,rural,750.0,10
C06445,57,M,rural,1126.0,4
C06446,33,F,urban,834.0,19
C06447,54,M,rural,1093.0,12
C06448,27,F,rural,1533.0,24
C06449,25,M,rural,437.0,7
C06450,58,F,urban,696.0,3
C06451,60,F,urban,1075.0,20
C06452,69,M,rural,2805.0,21
C06453,53,M,rural,1821.0,23
C06454,42,F,rural,1094.0,24
C06455,28,M,rural,1396.0,9
C06456,33,M,rural,1032.0,17
C06457,51,M,rural,2093.0,3
C06458,35,F,rural,1423.0,12
C06459,43,M,urban,2362.0,22
C06460,26,M,urban,486.0,16
C06461,40,M,rural,676.0,21
C06462,30,F,urban,1293.0,23
C06463,23,M,rural,1475.0,20
C06464,24,F,urban,4629.0,18
C06465,44,F,urban,371.0,10
C06466,37,M,rural,1075.0,14
C06467,23,M,rural,1047.0,4
C06468,44,F,rural,1265.0,15
C06469,26,F,urban,3102.0,24
C06470,18,M,urban,1855.0,6
C06471,24,M,rural,419.0,13
C06472,41,M,rural,2752.0,22
C06473,67,M,urban,2707.0,10
C06474,30,M,rural,1284.0,15
C06475,32,M,urban,415.0,20
C06476,30,M,rural,1001.0,20
C06477,36,F,urban,1453.0,17
C06478,55,F,rural,1994.0,4
C06479,34,F,urban,379.0,3
C06480,52,F,rural,691.0,19
C06481,64,F,rural,2119.0,24
C06482,67,M,urban,2700.0,8
C06483,47,F,urban,1420.0,15
C06484,55,M,rural,2184.0,4
C06485,65,M,rural,1441.0,7
C06486,58,F,rural,1954.0,13
C06487,33,F,rural,1196.0,3
C06488,24,M,urban,1463.0,15
C06489,23,F,rural,527.0,15
C06490,63,M,urban,1691.0,5
C06491,46,M,rural,517.0,16
C06492,33,M,rural,1690.0,13
C06493,35,M,rural,843.0,5
C06494,32,F,urban,1369.0,7
C06495,59,M,urban,619.0,14
C06496,49,M,rural,811.0,20
C06497,63,F,urban,1368.0,12
C06498,33,M,rural,1724.0,16
C06499,42,M,rural,2114.0,12
C06500,24,M,urban,550.0,21
C06501,68,M,urban,446.0,24
C06502,44,M,rural,611.0,12
C06503,46,F,rural,579.0,9
C06504,39,F,urban,2808.0,15
C06505,32,M,urban,2451.0,22
C06506,67,M,urban,603.0,16
C06507,43,M,rural,3060.0,10
C06508,53,F,rural,2364.0,20
C06509,19,M,rural,413.0,6
C06510,32,M,rural,591.0,9
C06511,59,F,rural,405.0,6
C06512,22,F,rural,1041.0,23
C06513,23,M,urban,1108.0,23
C06514,60,M,rural,1107.0,24
C06515,34,M,rural,325.0,3
C06516,32,F,rural,466.0,22
C06517,47,M,rural,1282.0,7
C06518,28,M,urban,1593.0,23
C06519,20,F,rural,326.0,10
C06520,18,M,rural,508.0,9
C06521,22,M,rural,2025.0,17
C06522,26,F,rural,526.0,20
C06523,54,M,rural,1087.0,11
C06524,33,F,rural,497.0,21
C06525,21,F,rural,1806.0,3
C06526,18,M,urban,327.0,22
C06527,42,F,rural,914.0,14
C06528,61,F,rural,1928.0,14
C06529,35,F,rural,1581.0,22
C06530,21,F,rural,830.0,4
C06531,29,M,urban,721.0,22
C06532,43,M,rural,954.0,7
C06533,27,F,urban,506.0,24
C06534,68,M,rural,1033.0,18
C06535,57,M,urban,1043.0,10
C06536,35,M,urban,853.0,4
C06537,67,M,urban,1999.0,5
C06538,34,F,urban,577.0,5
C06539,25,F,urban,394.0,4
C06540,66,F,rural,800.0,16
C06541,67,M,urban,1181.0,22
C06542,34,M,urban,1029.0,20
C06543,48,F,urban,1002.0,19
C06544,27,M,urban,558.0,24
C06545,51,F,urban,608.0,16
C06546,53,F,rural,818.0,5
C06547,54,M,rural,780.0,13
C06548,47,M,urban,2119.0,19
C06549,54,F,rural,1285.0,13
C06550,46,M,urban,797.0,9
C06551,60,F,rural,2115.0,13
C06552,27,F,rural,1433.0,20
C06553,43,M,urban,486.0,11
C06554,39,F,urban,157.0,10
C06555,45,M,rural,495.0,13
C06556,25,M,urban,1567.0,12
C06557,34,F,urban,1872.0,7
C06558,67,F,rural,405.0,9
C06559,23,F,rural,1628.0,5
C06560,51,F,urban,1592.0,19
C06561,52,M,rural,2533.0,7
C06562,42,M,urban,1940.0,24
C06563,19,M,urban,2468.0,24
C06564,19,M,rural,1470.0,17
C06565,32,M,rural,1441.0,24
C06566,23,M,rural,896.0,22
C06567,22,F,rural,1794.0,19
C06568,26,M,rural,493.0,10
C06569,27,F,rural,1009.0,21
C06570,61,F,rural,1516.0,10
C06571,51,F,urban,2553.0,5
C06572,19,M,rural,823.0,15
C06573,50,F,urban,1959.0,5
C06574,25,F,rural,974.0,5
C06575,39,M,urban,1983.0,5
C06576,19,M,rural,678.0,23
C06577,22,M,rural,1695.0,4
C06578,24,F,rural,1036.0,11
C06579,40,F,urban,539.0,19
C06580,42,M,urban,1000.0,20
C06581,36,F,rural,2424.0,4
C06582,50,M,rural,595.0,22
C06583,55,M,rural,450.0,23
C06584,55,F,urban,1393.0,24
C06585,48,F,urban,401.0,17
C06586,46,F,rural,2802.0,14
C06587,43,M,urban,2760.0,6
C06588,30,M,rural,2045.0,5
C06589,43,M,rural,1089.0,20
C06590,18,M,urban,2977.0,21
C06591,68,M,urban,2458.0,21
C06592,37,F,urban,797.0,16
C06593,57,F,rural,2600.0,15
C06594,67,M,rural,635.0,7
C06595,43,M,urban,974.0,5
C06596,62,M,rural,374.0,7
C06597,42,M,urban,1197.0,11
C06598,24,F,rural,919.0,9
C06599,19,M,rural,836.0,15
C06600,25,F,urban,993.0,20
C06601,67,M,urban,775.0,19
C06602,42,M,rural,1124.0,21
C06603,34,F,urban,2369.0,9
C06604,41,M,urban,580.0,23
C06605,31,M,rural,1840.0,22
C06606,63,F,rural,1248.0,10
C06607,69,M,rural,1373.0,8
C06608,22,M,rural,1077.0,22
C06609,55,M,rural,713.0,24
C06610,35,M,urban,1432.0,13
C06611,20,M,urban,1497.0,5
C06612,65,M,rural,678.0,16
C06613,21,F,urban,491.0,21
C06614,28,F,rural,1154.0,13
C06615,19,M,urban,1725.0,5
C06616,42,M,urban,2004.0,19
C06617,49,M,rural,2257.0,19
C06618,34,M,rural,1370.0,22
C06619,21,M,urban,936.0,21
C06620,24,F,rural,1095.0,13
C06621,66,M,urban,520.0,9
C06622,59,M,urban,728.0,6
C06623,66,F,rural,1062.0,5
C06624,45,F,rural,935.0,21
C06625,46,M,urban,1159.0,24
C06626,58,M,urban,481.0,17
C06627,50,F,rural,550.0,24
C06628,40,M,rural,1746.0,9
C06629,33,F,urban,665.0,19
C06630,43,F,urban,731.0,11
C06631,21,M,urban,1161.0,11
C06632,28,M,rural,627.0,17
C06633,56,M,rural,2130.0,5
C06634,63,M,urban,516.0,12
C06635,23,M,urban,1098.0,12
C06636,23,F,urban,700.0,12
C06637,22,F,rural,1204.0,18
C06638,59,F,rural,814.0,9
C06639,34,F,rural,1081.0,6
C06640,34,F,rural,2282.0,16
C06641,18,M,urban,726.0,3
C06642,68,M,rural,722.0,24
C06643,40,F,urban,907.0,22
C06644,59,F,urban,2656.0,11
C06645,54,M,rural,1039.0,18
C06646,25,F,rural,2300.0,14
C06647,59,M,urban,986.0,18
C06648,46,M,rural,2239.0,7
C06649,49,F,rural,1400.0,23
C06650,28,M,rural,1530.0,22
C06651,62,M,rural,463.0,14
C06652,66,F,urban,424.0,22
C06653,39,F,rural,2084.0,9
C06654,22,M,urban,2069.0,20
C06655,62,F,urban,4689.0,23
C06656,64,M,urban,450.0,18
C06657,44,F,rural,1468.0,24
C06658,48,M,rural,593.0,7
C06659,29,F,rural,703.0,3
C06660,21,F,rural,811.0,14
C06661,67,M,rural,1379.0,10
C06662,43,M,rural,736.0,17
C06663,32,M,rural,1119.0,10
C06664,54,F,urban,1807.0,22
C06665,19,F,urban,2158.0,5
C06666,22,F,rural,1662.0,24
C06667,30,F,rural,1438.0,7
C06668,41,M,urban,1007.0,10
C06669,37,F,rural,779.0,3
C06670,27,M,urban,1515.0,17
C06671,36,F,urban,584.0,18
C06672,35,M,urban,1178.0,23
C06673,45,F,urban,575.0,5
C06674,47,M,urban,1070.0,13
C06675,63,M,rural,583.0,22
C06676,59,M,rural,862.0,3
C06677,33,F,urban,731.0,15
C06678,64,M,urban,680.0,8
C06679,45,M,rural,1041.0,10
C06680,27,M,urban,256.0,19
C06681,35,M,rural,372.0,20
C06682,56,F,rural,1776.0,3
C06683,60,F,rural,1198.0,17
C06684,37,F,urban,711.0,11
C06685,26,F,rural,1967.0,19
C06686,27,M,rural,747.0,21
C06687,23,M,rural,774.0,22
C06688,54,F,rural,685.0,5
C06689,44,F,rural,3443.0,20
C06690,41,M,urban,1263.0,24
C06691,52,F,rural,1233.0,20
C06692,61,M,rural,1451.0,11
C06693,59,M,rural,361.0,19
C06694,25,M,rural,768.0,4
C06695,48,F,rural,1441.0,11
C06696,63,F,urban,1094.0,21
C06697,58,M,urban,4119.0,17
C06698,35,F,rural,795.0,8
C06699,38,F,urban,1931.0,15
C06700,64,M,urban,1779.0,3
C06701,19,F,rural,1195.0,24
C06702,45,M,rural,1332.0,15
C06703,24,M,rural,921.0,14
C06704,64,M,urban,336.0,10
C06705,20,M,urban,1352.0,7
C06706,19,M,rural,1418.0,10
C06707,35,M,rural,1558.0,13
C06708,28,M,urban,1139.0,12
C06709,43,F,rural,1963.0,12
C06710,33,F,rural,652.0,14
C06711,36,M,rural,2647.0,13
C06712,47,M,rural,606.0,9
C06713,47,M,urban,1028.0,15
C06714,66,F,rural,1650.0,8
C06715,42,F,rural,805.0,23
C06716,47,M,urban,1719.0,17
C06717,53,F,urban,893.0,9
C06718,27,F,rural,1177.0,18
C06719,52,F,rural,984.0,24
C06720,62,M,rural,776.0,19
C06721,34,M,urban,4233.0,20
C06722,27,F,urban,663.0,7
C06723,36,M,rural,278.0,7
C06724,32,M,urban,677.0,15
C06725,48,M,urban,1187.0,9
C06726,62,M,rural,875.0,5
C06727,49,F,rural,2021.0,23
C06728,24,F,rural,1977.0,10
C06729,34,M,urban,906.0,20
C06730,53,F,rural,400.0,19
C06731,35,M,rural,508.0,6
C06732,48,F,rural,1076.0,7
C06733,54,M,urban,429.0,15
C06734,35,F,rural,879.0,16
C06735,51,F,rural,2573.0,9
C06736,38,F,urban,1347.0,6
C06737,25,F,urban,1127.0,16
C06738,37,M,urban,587.0,8
C06739,40,F,rural,1223.0,6
C06740,18,F,urban,939.0,11
C06741,64,M,rural,1265.0,10
C06742,45,F,urban,1696.0,11
C06743,19,M,rural,1880.0,11
C06744,63,M,rural,1185.0,15
C06745,62,F,rural,1491.0,14
C06746,18,M,rural,807.0,3
C06747,26,M,rural,2164.0,8
C06748,36,M,rural,644.0,14
C06749,44,F,rural,968.0,19
C06750,55,F,rural,2303.0,3
C06751,40,M,rural,821.0,20
C06752,49,F,rural,491.0,5
C06753,18,F,urban,857.0,17
C06754,52,F,rural,2528.0,7
C06755,65,F,rural,281.0,22
C06756,45,F,rural,1166.0,18
C06757,41,M,rural,750.0,20
C06758,33,M,rural,992.0,20
C06759,67,F,rural,890.0,3
C06760,19,M,urban,1951.0,21
C06761,32,M,rural,1133.0,4
C06762,25,M,urban,2011.0,14
C06763,63,M,urban,2370.0,17
C06764,43,F,rural,1116.0,22
C06765,65,M,urban,884.0,18
C06766,52,F,urban,1375.0,18
C06767,46,F,urban,1544.0,24
C06768,44,M,rural,549.0,3
C06769,28,M,rural,1263.0,3
C06770,47,M,rural,942.0,7
C06771,53,M,urban,852.0,8
C06772,68,M,urban,724.0,13
C06773,46,F,urban,753.0,21
C06774,66,M,urban,2329.0,11
C06775,67,M,urban,881.0,22
C06776,45,M,urban,2178.0,17
C06777,40,M,rural,1186.0,13
C06778,25,M,rural,556.0,20
C06779,31,F,urban,1230.0,13
C06780,63,M,rural,538.0,3
C06781,25,M,urban,1579.0,21
C06782,38,F,rural,968.0,5
C06783,54,F,rural,1832.0,13
C06784,30,F,rural,2592.0,6
C06785,68,M,rural,387.0,20
C06786,51,F,urban,832.0,17
C06787,19,M,rural,531.0,23
C06788,30,F,rural,4004.0,22
C06789,56,M,rural,842.0,8
C06790,62,F,rural,498.0,8
C06791,66,F,rural,4206.0,9
C06792,62,F,rural,709.0,6
C06793,21,M,rural,414.0,23
C06794,55,F,urban,547.0,4
C06795,23,F,urban,1195.0,12
C06796,21,M,rural,1127.0,9
C06797,53,M,rural,664.0,3
C06798,42,M,urban,820.0,21
C06799,51,M,urban,1132.0,14
C06800,62,F,rural,2427.0,22
C06801,21,M,rural,1339.0,16
C06802,45,F,rural,782.0,13
C06803,61,F,urban,956.0,8
C06804,40,F,urban,1740.0,16
C06805,45,F,rural,3005.0,19
C06806,43,F,urban,565.0,3
C06807,65,M,rural,2140.0,8
C06808,20,M,rural,909.0,10
C06809,63,F,urban,414.0,5
C06810,60,F,rural,367.0,4
C06811,60,M,urban,2442.0,8
C06812,39,F,rural,2623.0,10
C06813,44,F,rural,779.0,14
C06814,37,M,rural,966.0,20
C06815,31,F,rural,376.0,21
C06816,63,F,urban,1732.0,11
C06817,44,M,rural,1078.0,14
C06818,55,M,urban,432.0,3
C06819,23,M,rural,1240.0,21
C06820,59,F,urban,476.0,8
C06821,52,M,rural,1532.0,4
C06822,69,F,urban,573.0,16
C06823,24,F,urban,1342.0,11
C06824,46,F,urban,741.0,12
C06825,44,M,urban,265.0,12
C06826,45,M,urban,1994.0,16
C06827,20,M,urban,2060.0,20
C06828,42,M,rural,802.0,15
C06829,33,M,rural,1293.0,16
C06830,50,M,urban,1426.0,20
C06831,30,M,rural,1454.0,20
C06832,40,F,rural,3088.0,6
C06833,50,M,urban,1408.0,10
C06834,21,M,urban,885.0,13
C06835,58,F,rural,1418.0,23
C06836,55,M,rural,847.0,16
C06837,20,F,rural,579.0,20
C06838,21,F,rural,2280.0,20
C06839,62,M,rural,1511.0,23
C06840,32,F,rural,359.0,14
C06841,62,F,rural,728.0,8
C06842,43,F,rural,1728.0,12
C06843,35,M,rural,429.0,3
C06844,32,M,rural,698.0,18
C06845,52,M,rural,5415.0,16
C06846,23,F,urban,899.0,6
C06847,38,M,urban,2100.0,13
C06848,35,M,urban,2698.0,18
C06849,26,M,urban,636.0,20
C06850,36,M,rural,1287.0,20
C06851,45,M,rural,3772.0,5
C06852,53,M,urban,1445.0,11
C06853,22,F,urban,4534.0,16
C06854,63,M,urban,748.0,5
C06855,63,M,rural,3224.0,7
C06856,53,M,rural,1108.0,23
C06857,66,M,urban,901.0,14
C06858,40,F,urban,1610.0,15
C06859,60,M,rural,1026.0,6
C06860,55,F,rural,1042.0,16
C06861,47,F,rural,1467.0,23
C06862,27,F,urban,371.0,24
C06863,46,F,urban,679.0,7
C06864,64,M,rural,1692.0,7
C06865,69,F,urban,1988.0,15
C06866,41,M,rural,1359.0,22
C06867,30,F,rural,1294.0,3
C06868,56,M,urban,1396.0,7
C06869,21,M,rural,1948.0,6
C06870,25,M,rural,466.0,20
C06871,47,F,rural,808.0,13
C06872,69,F,urban,1049.0,18
C06873,35,M,rural,1233.0,3
C06874,41,M,urban,309.0,5
C06875,34,M,rural,516.0,14
C06876,40,F,rural,1086.0,12
C06877,18,M,urban,2014.0,7
C06878,48,M,rural,853.0,8
C06879,49,F,rural,735.0,18
C06880,34,F,rural,1506.0,3
C06881,31,F,urban,901.0,22
C06882,57,F,rural,1860.0,6
C06883,27,F,rural,960.0,19
C06884,20,M,urban,562.0,16
C06885,20,M,urban,2572.0,4
C06886,63,F,rural,2304.0,19
C06887,36,M,rural,618.0,13
C06888,23,F,rural,1391.0,9
C06889,63,M,rural,901.0,5
C06890,25,M,urban,1590.0,5
C06891,35,M,rural,648.0,11
C06892,19,F,rural,1850.0,9
C06893,53,F,urban,2246.0,21
C06894,54,M,rural,621.0,14
C06895,57,M,rural,1142.0,3
C06896,31,M,urban,2275.0,22
C06897,35,M,rural,601.0,8
C06898,66,M,rural,734.0,16
C06899,60,F,rural,1631.0,21
C06900,19,M,urban,996.0,17
C06901,53,M,urban,426.0,11
C06902,60,M,rural,905.0,3
C06903,47,M,rural,3127.0,8
C06904,51,M,urban,3781.0,15
C06905,18,F,rural,748.0,23
C06906,19,F,urban,634.0,3
C06907,19,F,rural,833.0,6
C06908,26,M,rural,3233.0,10
C06909,69,F,urban,1818.0,20
C06910,50,F,rural,2640.0,23
C06911,58,F,rural,1997.0,6
C06912,33,F,rural,497.0,15
C06913,66,M,rural,621.0,24
C06914,28,F,urban,722.0,24
C06915,64,F,urban,802.0,20
C06916,19,F,rural,730.0,20
C06917,19,F,rural,783.0,9
C06918,22,F,urban,1610.0,9
C06919,59,M,rural,1190.0,24
C06920,31,F,urban,2280.0,16
C06921,41,F,urban,1276.0,5
C06922,42,F,rural,731.0,4
C06923,59,F,rural,1228.0,21
C06924,36,M,rural,443.0,5
C06925,18,M,urban,274.0,18
C06926,38,M,urban,1613.0,10
C06927,32,F,urban,2020.0,6
C06928,56,F,rural,1145.0,5
C06929,57,F,rural,867.0,15
C06930,22,F,urban,490.0,20
C06931,59,F,rural,2209.0,3
C06932,21,M,rural,1474.0,18
C06933,50,F,urban,1306.0,15
C06934,38,F,urban,1093.0,20
C06935,33,F,rural,827.0,15
C06936,43,F,urban,562.0,5
C06937,34,F,urban,1276.0,11
C06938,59,M,urban,794.0,24
C06939,68,F,rural,850.0,21
C06940,60,M,rural,3074.0,10
C06941,40,M,rural,1065.0,23
C06942,44,M,urban,252.0,3
C06943,41,M,rural,795.0,14
C06944,59,M,urban,601.0,20
C06945,46,F,rural,1009.0,17
C06946,42,M,rural,467.0,6
C06947,39,M,rural,1423.0,6
C06948,37,M,urban,918.0,19
C06949,46,M,rural,824.0,24
C06950,53,F,urban,1200.0,19
C06951,40,M,urban,1047.0,21
C06952,59,M,rural,1011.0,23
C06953,60,F,urban,959.0,23
C06954,40,F,urban,1083.0,20
C06955,65,F,rural,1347.0,20
C06956,26,F,rural,1250.0,20
C06957,66,M,rural,2156.0,10
C06958,33,F,urban,790.0,14
C06959,47,M,rural,1265.0,7
C06960,32,M,urban,4758.0,14
C06961,40,M,rural,1070.0,14
C06962,35,F,urban,1095.0,4
C06963,54,M,urban,514.0,4
C06964,22,M,rural,715.0,23
C06965,61,M,urban,1029.0,15
C06966,64,F,rural,1510.0,3
C06967,47,M,urban,1619.0,11
C06968,46,M,urban,1334.0,22
C06969,54,M,urban,1777.0,19
C06970,28,F,urban,602.0,21
C06971,56,M,urban,1470.0,16
C06972,29,F,urban,1105.0,18
C06973,53,M,urban,1182.0,8
C06974,33,M,rural,882.0,21
C06975,56,M,rural,619.0,19
C06976,59,M,urban,529.0,8
C06977,28,M,urban,1329.0,9
C06978,50,M,urban,1478.0,19
C06979,43,F,urban,1015.0,8
C06980,33,M,rural,1087.0,17
C06981,48,M,urban,712.0,12
C06982,69,M,rural,1483.0,9
C06983,18,M,rural,1137.0,6
C06984,67,M,urban,881.0,18
C06985,62,M,urban,1844.0,10
C06986,45,M,urban,1615.0,15
C06987,49,M,urban,436.0,8
C06988,37,F,rural,1129.0,6
C06989,24,F,urban,617.0,3
C06990,47,F,urban,1192.0,23
C06991,60,M,urban,165.0,9
C06992,30,F,rural,1234.0,15
C06993,55,M,urban,1681.0,13
C06994,56,M,rural,1026.0,11
C06995,57,F,urban,545.0,21
C06996,35,M,urban,3547.0,23
C06997,38,M,rural,2194.0,6
C06998,39,F,rural,797.0,3
C06999,62,F,urban,938.0,10
C07000,64,M,rural,334.0,5
C07001,39,M,urban,1457.0,3
C07002,68,M,urban,482.0,20
C07003,47,F,urban,1636.0,4
C07004,38,M,rural,2030.0,4
C07005,18,M,rural,1051.0,10
C07006,49,M,rural,579.0,15
C07007,51,F,rural,2320.0,13
C07008,68,F,rural,1098.0,19
C07009,55,M,rural,1160.0,19
C07010,19,F,urban,627.0,3
C07011,47,M,rural,1231.0,19
C07012,56,F,rural,971.0,3
C07013,43,M,urban,494.0,23
C07014,40,M,urban,2450.0,9
C07015,60,M,rural,3151.0,22
C07016,49,F,urban,2020.0,24
C07017,53,F,urban,1847.0,5
C07018,42,F,rural,3162.0,11
C07019,32,M,rural,585.0,5
C07020,44,M,urban,581.0,24
C07021,67,M,urban,855.0,13
C07022,49,M,rural,1311.0,21
C07023,54,M,rural,920.0,15
C07024,24,F,rural,595.0,21
C07025,69,F,urban,1100.0,16
C07026,30,F,urban,1036.0,4
C07027,68,M,urban,1817.0,13
C07028,41,M,rural,1126.0,17
C07029,65,M,rural,350.0,24
C07030,64,M,rural,1382.0,21
C07031,57,F,urban,2833.0,14
C07032,65,F,rural,1116.0,20
C07033,49,M,urban,1983.0,23
C07034,62,M,urban,810.0,22
C07035,26,F,rural,1540.0,24
C07036,21,M,rural,702.0,10
C07037,46,M,rural,946.0,12
C07038,60,F,rural,950.0,3
C07039,57,F,rural,1460.0,5
C07040,45,M,urban,669.0,20
C07041,45,F,urban,455.0,10
C07042,49,F,urban,1454.0,12
C07043,63,M,urban,1422.0,10
C07044,61,M,rural,1173.0,23
C07045,23,F,urban,1919.0,22
C07046,48,F,urban,971.0,19
C07047,37,M,urban,1298.0,24
C07048,59,M,rural,889.0,15
C07049,44,F,rural,939.0,6
C07050,69,M,rural,1345.0,16
C07051,40,M,urban,4273.0,3
C07052,53,M,rural,1712.0,12
C07053,23,M,urban,1524.0,21
C07054,66,F,rural,1744.0,6
C07055,25,F,urban,268.0,15
C07056,37,M,rural,1328.0,20
C07057,61,F,rural,1894.0,19
C07058,68,M,rural,1154.0,16
C07059,43,M,rural,1069.0,10
C07060,43,M,urban,624.0,8
C07061,20,F,urban,846.0,6
C07062,68,F,urban,665.0,19
C07063,18,F,urban,1998.0,8
C07064,19,M,rural,2700.0,17
C07065,42,M,rural,3502.0,4
C07066,18,M,rural,659.0,9
C07067,26,F,rural,734.0,11
C07068,50,M,urban,699.0,20
C07069,54,F,urban,595.0,5
C07070,33,F,urban,601.0,13
C07071,59,M,urban,805.0,13
C07072,49,M,rural,1853.0,10
C07073,29,M,rural,713.0,20
C07074,55,F,rural,2063.0,24
C07075,48,F,rural,2491.0,4
C07076,60,M,rural,1301.0,23
C07077,26,F,rural,2293.0,22
C07078,30,M,rural,485.0,21
C07079,33,M,rural,785.0,5
C07080,35,F,rural,1229.0,11
C07081,64,F,urban,1254.0,17
C07082,56,M,rural,2585.0,7
C07083,46,F,urban,602.0,8
C07084,46,F,urban,795.0,15
C07085,64,F,rural,1042.0,21
C07086,41,F,urban,803.0,6
C07087,29,M,urban,587.0,3
C07088,25,M,urban,824.0,24
C07089,35,F,rural,946.0,12
C07090,51,M,rural,2614.0,4
C07091,42,M,rural,595.0,24
C07092,39,M,rural,1788.0,9
C07093,42,M,urban,2353.0,5
C07094,68,M,rural,806.0,17
C07095,69,M,rural,1282.0,19
C07096,26,M,urban,1549.0,5
C07097,23,M,rural,1403.0,18
C07098,30,F,rural,1152.0,11
C07099,62,F,urban,730.0,10
C07100,41,M,rural,1632.0,17
C07101,62,M,urban,876.0,4
C07102,51,M,rural,1116.0,6
C07103,46,F,rural,1219.0,21
C07104,32,F,urban,1833.0,24
C07105,35,F,rural,3487.0,22
C07106,25,F,rural,704.0,20
C07107,44,M,urban,1132.0,5
C07108,32,M,rural,450.0,9
C07109,33,M,rural,2667.0,21
C07110,20,M,rural,1126.0,18
C07111,59,M,rural,916.0,21
C07112,66,F,urban,1132.0,12
C07113,43,M,urban,1166.0,15
C07114,45,F,rural,707.0,19
C07115,66,M,urban,2237.0,20
C07116,44,M,rural,1615.0,18
C07117,50,F,rural,1755.0,3
C07118,40,M,rural,729.0,7
C07119,44,M,rural,706.0,13
C07120,45,M,rural,1024.0,18
C07121,54,F,rural,1772.0,24
C07122,49,M,rural,1482.0,9
C07123,44,F,urban,688.0,20
C07124,21,F,rural,1637.0,17
C07125,65,F,urban,612.0,8
C07126,64,M,urban,737.0,6
C07127,27,F,urban,1205.0,16
C07128,33,M,rural,543.0,10
C07129,68,F,rural,615.0,7
C07130,34,M,rural,2783.0,7
C07131,60,M,urban,2489.0,7
C07132,58,M,urban,4332.0,5
C07133,62,F,urban,1437.0,7
C07134,18,F,urban,1615.0,24
C07135,43,M,urban,999.0,7
C07136,47,M,rural,889.0,11
C07137,61,F,urban,1850.0,13
C07138,29,F,rural,2483.0,18
C07139,33,F,urban,1758.0,9
C07140,27,M,rural,663.0,21
C07141,57,F,rural,1387.0,20
C07142,69,F,rural,691.0,14
C07143,25,M,urban,903.0,22
C07144,30,M,rural,2927.0,10
C07145,33,M,urban,534.0,13
C07146,64,M,rural,4029.0,16
C07147,41,F,urban,1525.0,7
C07148,32,M,rural,829.0,4
C07149,34,M,rural,1142.0,24
C07150,49,M,rural,727.0,4
C07151,38,F,rural,790.0,4
C07152,25,F,urban,1146.0,5
C07153,60,M,rural,900.0,15
C07154,39,F,urban,627.0,8
C07155,31,M,urban,960.0,7
C07156,55,F,urban,498.0,21
C07157,56,F,urban,511.0,23
C07158,26,M,urban,508.0,22
C07159,21,F,rural,2989.0,10
C07160,20,M,urban,1399.0,4
C07161,57,F,rural,1568.0,24
C07162,50,M,urban,1104.0,15
C07163,59,F,rural,1486.0,24
C07164,50,M,urban,2221.0,6
C07165,38,M,urban,1401.0,23
C07166,48,M,rural,2934.0,9
C07167,55,F,rural,1072.0,20
C07168,38,M,rural,1571.0,5
C07169,65,F,urban,1673.0,19
C07170,64,M,rural,627.0,13
C07171,59,F,rural,1125.0,23
C07172,69,M,rural,363.0,6
C07173,38,F,urban,1014.0,7
C07174,23,F,urban,928.0,16
C07175,43,M,urban,895.0,20
C07176,56,M,rural,859.0,22
C07177,58,F,urban,1491.0,5
C07178,38,M,urban,645.0,3
C07179,33,M,rural,3348.0,10
C07180,41,M,rural,1541.0,5
C07181,59,F,rural,677.0,11
C07182,21,F,rural,1617.0,13
C07183,35,F,urban,1992.0,24
C07184,29,F,rural,1368.0,3
C07185,59,M,urban,600.0,10
C07186,42,M,urban,4198.0,10
C07187,22,M,rural,1610.0,15
C07188,31,M,urban,519.0,10
C07189,20,M,rural,1243.0,16
C07190,42,F,rural,961.0,21
C07191,69,M,urban,1101.0,17
C07192,47,M,urban,536.0,17
C07193,63,M,urban,1133.0,5
C07194,56,M,urban,666.0,22
C07195,63,M,rural,889.0,15
C07196,34,M,rural,1384.0,6
C07197,67,M,urban,824.0,16
C07198,30,M,urban,921.0,13
C07199,40,F,rural,1794.0,22
C07200,53,F,rural,643.0,17
C07201,32,F,rural,743.0,24
C07202,31,F,urban,517.0,24
C07203,24,F,rural,669.0,8
C07204,18,M,urban,1185.0,9
C07205,44,F,rural,1609.0,7
C07206,69,M,urban,676.0,8
C07207,29,M,rural,1581.0,18
C07208,40,M,urban,1168.0,23
C07209,66,M,rural,478.0,13
C07210,58,F,urban,1218.0,20
C07211,18,M,rural,2245.0,19
C07212,44,F,urban,352.0,8
C07213,25,F,rural,3652.0,21
C07214,30,M,urban,760.0,13
C07215,30,M,rural,408.0,3
C07216,49,M,rural,1192.0,18
C07217,28,M,urban,1806.0,22
C07218,31,F,urban,927.0,8
C07219,29,F,urban,1322.0,8
C07220,36,F,urban,3912.0,19
C07221,52,M,rural,1241.0,24
C07222,38,F,urban,6565.0,8
C07223,35,F,urban,2342.0,12
C07224,44,M,urban,1131.0,17
C07225,49,M,urban,1306.0,21
C07226,18,M,urban,905.0,3
C07227,64,M,rural,1274.0,7
C07228,65,F,urban,1536.0,22
C07229,49,F,rural,860.0,14
C07230,47,M,rural,479.0,19
C07231,54,F,urban,2423.0,4
C07232,40,M,rural,1967.0,5
C07233,37,M,rural,469.0,19
C07234,36,F,rural,1215.0,11
C07235,26,F,urban,2031.0,23
C07236,61,F,rural,1909.0,12
C07237,34,M,urban,723.0,21
C07238,32,F,rural,1977.0,14
C07239,68,F,urban,1107.0,17
C07240,44,F,urban,1385.0,17
C07241,50,M,rural,632.0,5
C07242,30,M,urban,85.0,20
C07243,32,F,urban,688.0,24
C07244,55,F,rural,1513.0,11
C07245,41,F,urban,969.0,10
C07246,25,M,urban,1620.0,16
C07247,61,F,urban,2130.0,16
C07248,38,M,rural,899.0,11
C07249,52,M,rural,848.0,9
C07250,35,M,rural,295.0,24
C07251,47,M,rural,433.0,21
C07252,58,F,rural,491.0,15
C07253,64,M,rural,1531.0,11
C07254,28,M,rural,905.0,10
C07255,52,F,rural,796.0,11
C07256,65,F,rural,743.0,16
C07257,51,M,urban,687.0,3
C07258,25,M,urban,1909.0,17
C07259,27,F,urban,1160.0,15
C07260,28,M,rural,1988.0,6
C07261,23,M,rural,294.0,8
C07262,57,M,rural,1510.0,9
C07263,68,M,rural,820.0,23
C07264,44,F,rural,926.0,23
C07265,49,M,rural,2469.0,20
C07266,58,M,rural,868.0,17
C07267,39,M,urban,1473.0,23
C07268,42,M,rural,595.0,19
C07269,48,M,urban,1121.0,11
C07270,33,F,urban,422.0,10
C07271,21,M,urban,1060.0,17
C07272,47,M,urban,1382.0,11
C07273,60,M,urban,2130.0,12
C07274,21,F,urban,671.0,24
C07275,29,M,rural,798.0,23
C07276,31,F,urban,745.0,16
C07277,59,F,rural,942.0,10
C07278,44,M,urban,615.0,12
C07279,45,F,rural,301.0,10
C07280,51,M,rural,587.0,12
C07281,32,F,rural,1065.0,11
C07282,55,F,rural,1003.0,12
C07283,19,M,rural,1527.0,13
C07284,23,F,urban,1818.0,17
C07285,60,M,urban,837.0,22
C07286,52,M,rural,424.0,14
C07287,27,F,urban,1397.0,7
C07288,40,F,urban,1090.0,7
C07289,20,M,rural,939.0,17
C07290,52,F,urban,2281.0,24
C07291,57,F,rural,1437.0,9
C07292,32,M,urban,1181.0,4
C07293,36,F,urban,1210.0,4
C07294,30,F,urban,1826.0,9
C07295,38,F,rural,725.0,23
C07296,32,F,rural,647.0,20
C07297,30,M,rural,953.0,20
C07298,40,M,urban,541.0,10
C07299,62,M,urban,1067.0,23
C07300,57,M,rural,1162.0,11
C07301,33,M,urban,1052.0,11
C07302,67,F,urban,883.0,23
C07303,28,M,rural,2957.0,19
C07304,65,F,rural,1928.0,9
C07305,34,M,urban,1035.0,17
C07306,46,M,urban,1160.0,10
C07307,28,F,rural,2504.0,16
C07308,57,F,rural,772.0,6
C07309,34,M,rural,614.0,3
C07310,63,F,rural,1257.0,24
C07311,22,M,rural,1406.0,4
C07312,44,M,rural,1470.0,11
C07313,26,M,rural,1802.0,7
C07314,64,F,rural,707.0,3
C07315,39,M,urban,471.0,19
C07316,53,F,rural,772.0,9
C07317,63,M,rural,1555.0,20
C07318,45,M,urban,631.0,15
C07319,20,F,rural,344.0,17
C07320,29,M,rural,1196.0,17
C07321,29,M,urban,780.0,7
C07322,65,M,rural,389.0,13
C07323,65,M,urban,1147.0,20
C07324,42,M,rural,870.0,8
C07325,64,M,rural,2998.0,5
C07326,30,F,rural,1157.0,12
C07327,53,M,rural,1559.0,22
C07328,38,M,rural,1085.0,10
C07329,30,F,rural,766.0,11
C07330,31,M,rural,818.0,5
C07331,39,F,urban,2098.0,18
C07332,35,F,rural,1718.0,10
C07333,28,M,rural,449.0,6
C07334,35,M,rural,518.0,5
C07335,24,M,urban,536.0,9
C07336,68,M,urban,2072.0,7
C07337,37,M,urban,388.0,13
C07338,23,F,urban,1758.0,12
C07339,47,F,urban,1393.0,13
C07340,63,M,urban,1198.0,11
C07341,36,F,rural,826.0,5
C07342,61,M,urban,2238.0,20
C07343,49,F,rural,1174.0,15
C07344,56,F,urban,461.0,7
C07345,33,M,rural,530.0,4
C07346,19,M,rural,409.0,23
C07347,35,M,rural,2253.0,23
C07348,66,F,rural,2577.0,7
C07349,59,M,rural,2104.0,12
C07350,58,F,urban,1006.0,15
C07351,63,M,rural,466.0,12
C07352,37,M,urban,583.0,21
C07353,34,F,rural,606.0,15
C07354,66,M,rural,1067.0,8
C07355,47,M,urban,2521.0,20
C07356,33,F,rural,2515.0,22
C07357,32,M,urban,818.0,4
C07358,63,F,rural,287.0,21
C07359,20,F,rural,544.0,18
C07360,21,M,rural,2238.0,23
C07361,56,M,rural,1260.0,23
C07362,18,M,urban,886.0,4
C07363,26,F,rural,850.0,12
C07364,69,F,rural,699.0,4
C07365,40,F,urban,533.0,3
C07366,55,F,urban,3802.0,23
C07367,43,M,urban,3075.0,8
C07368,22,M,rural,670.0,4
C07369,27,M,rural,383.0,23
C07370,57,F,urban,1214.0,11
C07371,22,M,urban,1004.0,5
C07372,48,M,rural,1599.0,8
C07373,36,M,urban,1831.0,3
C07374,37,M,urban,543.0,17
C07375,67,M,rural,2364.0,23
C07376,49,M,urban,887.0,11
C07377,49,F,rural,1579.0,21
C07378,36,F,urban,937.0,10
C07379,37,M,rural,1907.0,13
C07380,53,F,urban,266.0,7
C07381,20,M,urban,1708.0,3
C07382,30,F,rural,666.0,6
C07383,49,M,rural,1146.0,15
C07384,50,F,rural,2314.0,5
C07385,22,M,urban,677.0,20
C07386,58,M,rural,616.0,23
C07387,46,F,rural,877.0,9
C07388,30,F,urban,845.0,8
C07389,57,F,rural,584.0,6
C07390,69,M,urban,1169.0,12
C07391,40,M,rural,1206.0,22
C07392,32,F,rural,1448.0,11
C07393,33,M,urban,671.0,19
C07394,48,M,rural,622.0,10
C07395,20,M,urban,1021.0,12
C07396,43,M,rural,947.0,13
C07397,19,M,rural,958.0,22
C07398,20,M,rural,717.0,13
C07399,40,F,urban,1337.0,16
C07400,56,F,urban,623.0,21
C07401,63,F,rural,1019.0,23
C07402,22,F,rural,912.0,22
C07403,30,M,rural,1075.0,5
C07404,39,F,urban,2233.0,5
C07405,47,F,rural,498.0,12
C07406,69,M,rural,261.0,10
C07407,53,M,rural,768.0,17
C07408,45,F,urban,550.0,12
C07409,21,F,rural,180.0,11
C07410,22,F,urban,3127.0,4
C07411,25,F,rural,1534.0,10
C07412,52,F,rural,1636.0,15
C07413,35,F,rural,924.0,18
C07414,30,F,urban,1412.0,6
C07415,52,F,rural,851.0,16
C07416,60,F,rural,1788.0,15
C07417,40,M,urban,1228.0,9
C07418,63,F,urban,1073.0,22
C07419,56,M,urban,1123.0,12
C07420,55,M,rural,2642.0,8
C07421,63,M,urban,1212.0,18
C07422,27,M,urban,591.0,7
C07423,57,M,rural,1342.0,16
C07424,67,M,rural,1471.0,18
C07425,69,M,rural,1005.0,12
C07426,48,F,rural,1063.0,7
C07427,57,F,rural,578.0,8
C07428,64,F,rural,1162.0,7
C07429,62,M,rural,529.0,5
C07430,64,M,urban,943.0,24
C07431,61,F,rural,734.0,21
C07432,37,M,rural,1978.0,14
C07433,55,F,rural,2779.0,21
C07434,39,F,urban,552.0,17
C07435,59,M,urban,1094.0,16
C07436,60,M,urban,910.0,18
C07437,66,M,urban,1449.0,15
C07438,48,M,urban,1162.0,15
C07439,42,M,urban,869.0,5
C07440,26,F,urban,1160.0,16
C07441,51,F,rural,964.0,12
C07442,47,M,rural,2845.0,8
C07443,44,M,rural,681.0,13
C07444,53,M,urban,1280.0,21
C07445,62,M,urban,1489.0,13
C07446,25,F,urban,1427.0,13
C07447,40,F,rural,917.0,8
C07448,55,F,urban,2492.0,20
C07449,60,M,rural,313.0,5
C07450,58,M,urban,569.0,21
C07451,59,F,urban,1633.0,23
C07452,62,F,urban,647.0,6
C07453,68,F,rural,624.0,15
C07454,49,M,urban,829.0,15
C07455,30,F,rural,684.0,21
C07456,47,M,urban,1607.0,10
C07457,54,M,urban,1887.0,17
C07458,23,F,urban,1156.0,5
C07459,57,M,rural,2065.0,21
C07460,46,F,rural,477.0,19
C07461,66,M,rural,1148.0,7
C07462,29,M,rural,2462.0,5
C07463,65,M,rural,1971.0,5
C07464,41,F,urban,2596.0,21
C07465,47,F,rural,770.0,16
C07466,52,M,rural,1901.0,11
C07467,48,M,urban,849.0,15
C07468,64,M,urban,1567.0,15
C07469,26,M,rural,2408.0,5
C07470,55,F,urban,681.0,12
C07471,68,M,urban,360.0,16
C07472,29,M,urban,3323.0,16
C07473,31,M,urban,1470.0,7
C07474,42,F,rural,1028.0,23
C07475,55,F,rural,995.0,5
C07476,67,F,rural,312.0,21
C07477,59,F,rural,1243.0,24
C07478,59,F,urban,798.0,19
C07479,40,M,rural,1132.0,15
C07480,51,F,rural,1117.0,7
C07481,28,F,urban,145.0,10
C07482,42,M,rural,1471.0,15
C07483,27,F,rural,1228.0,5
C07484,19,F,rural,1331.0,18
C07485,62,F,urban,982.0,23
C07486,59,M,urban,1129.0,19
C07487,44,M,rural,1216.0,23
C07488,18,F,rural,1293.0,13
C07489,22,M,rural,1459.0,8
C07490,23,M,rural,1299.0,3
C07491,55,M,urban,3327.0,12
C07492,28,M,rural,709.0,5
C07493,31,F,rural,876.0,17
C07494,62,F,rural,3028.0,20
C07495,63,F,rural,999.0,5
C07496,57,M,urban,1918.0,14
C07497,34,M,rural,1190.0,14
C07498,48,M,rural,957.0,9
C07499,28,M,urban,1982.0,7
C07500,62,F,rural,1497.0,18
C07501,22,M,urban,437.0,7
C07502,56,M,urban,1217.0,3
C07503,44,F,rural,604.0,16
C07504,57,F,urban,2351.0,4
C07505,41,M,rural,3141.0,9
C07506,26,F,rural,3376.0,4
C07507,57,M,rural,1359.0,15
C07508,50,F,rural,831.0,7
C07509,42,F,rural,1330.0,8
C07510,37,M,urban,624.0,11
C07511,35,M,rural,4480.0,13
C07512,43,M,urban,2245.0,18
C07513,31,F,rural,1316.0,23
C07514,32,M,rural,1995.0,16
C07515,32,F,urban,816.0,13
C07516,18,M,rural,564.0,15
C07517,66,M,rural,291.0,14
C07518,30,M,urban,1153.0,3
C07519,26,M,urban,968.0,13
C07520,25,M,urban,1498.0,19
C07521,69,F,rural,1105.0,21
C07522,42,F,rural,1457.0,5
C07523,34,M,urban,1784.0,17
C07524,39,F,rural,457.0,5
C07525,22,M,rural,1847.0,3
C07526,34,F,rural,859.0,4
C07527,30,M,rural,1496.0,5
C07528,59,F,urban,2025.0,4
C07529,21,M,urban,2033.0,15
C07530,40,M,rural,1185.0,23
C07531,59,F,rural,1221.0,19
C07532,61,M,rural,1873.0,19
C07533,44,M,urban,446.0,5
C07534,29,M,rural,620.0,23
C07535,35,F,urban,927.0,14
C07536,29,M,rural,493.0,3
C07537,52,M,urban,932.0,17
C07538,33,F,rural,902.0,18
C07539,50,F,rural,1155.0,11
C07540,52,M,urban,1060.0,18
C07541,66,F,rural,2083.0,18
C07542,37,M,rural,1547.0,15
C07543,67,M,urban,1051.0,10
C07544,38,M,urban,898.0,24
C07545,53,F,rural,1066.0,16
C07546,52,F,urban,1077.0,13
C07547,60,M,urban,4970.0,19
C07548,42,M,rural,457.0,8
C07549,59,M,rural,629.0,24
C07550,36,M,rural,576.0,19
C07551,43,M,rural,1289.0,17
C07552,43,F,rural,1259.0,8
C07553,54,M,rural,778.0,10
C07554,50,F,urban,1877.0,23
C07555,22,M,urban,1369.0,18
C07556,60,M,rural,1925.0,5
C07557,57,M,rural,2258.0,20
C07558,23,F,urban,305.0,5
C07559,68,M,rural,1655.0,12
C07560,52,M,rural,506.0,12
C07561,22,M,rural,1274.0,10
C07562,43,F,urban,1050.0,13
C07563,61,F,urban,1077.0,6
C07564,32,M,rural,532.0,17
C07565,66,M,urban,2035.0,17
C07566,39,M,urban,506.0,21
C07567,29,M,urban,1720.0,12
C07568,36,F,rural,464.0,14
C07569,45,M,urban,1085.0,5
C07570,53,F,rural,3238.0,10
C07571,66,F,urban,4523.0,15
C07572,28,F,urban,415.0,12
C07573,67,M,urban,719.0,24
C07574,45,F,rural,801.0,9
C07575,24,M,rural,4243.0,4
C07576,66,M,urban,1053.0,22
C07577,36,F,rural,2090.0,14
C07578,50,M,urban,1313.0,4
C07579,54,M,rural,534.0,23
C07580,18,M,urban,359.0,7
C07581,29,M,rural,759.0,24
C07582,53,F,rural,4403.0,10
C07583,34,F,rural,1280.0,10
C07584,18,F,urban,2064.0,7
C07585,19,M,rural,468.0,6
C07586,60,M,rural,902.0,20
C07587,25,M,rural,1750.0,12
C07588,23,M,urban,570.0,15
C07589,47,F,rural,1055.0,10
C07590,24,F,urban,647.0,12
C07591,51,F,rural,1801.0,13
C07592,46,F,urban,1393.0,9
C07593,51,M,rural,1652.0,16
C07594,43,F,urban,1849.0,13
C07595,58,F,urban,957.0,19
C07596,51,F,urban,2002.0,20
C07597,39,M,rural,770.0,16
C07598,18,F,rural,1596.0,5
C07599,32,M,rural,336.0,22
C07600,24,F,rural,701.0,18
C07601,18,F,rural,4401.0,19
C07602,32,F,urban,1582.0,17
C07603,28,M,rural,1583.0,14
C07604,21,M,urban,669.0,15
C07605,34,F,rural,569.0,5
C07606,44,F,urban,936.0,23
C07607,27,F,rural,1053.0,20
C07608,32,M,rural,3459.0,23
C07609,19,F,urban,2021.0,18
C07610,20,F,rural,1171.0,8
C07611,26,M,urban,1141.0,10
C07612,41,M,urban,1728.0,22
C07613,52,F,rural,497.0,8
C07614,58,M,rural,346.0,16
C07615,50,F,rural,1713.0,17
C07616,50,F,rural,1145.0,7
C07617,66,M,urban,499.0,4
C07618,31,M,urban,312.0,3
C07619,59,F,rural,1875.0,20
C07620,66,F,rural,802.0,9
C07621,47,F,urban,1394.0,7
C07622,61,F,urban,936.0,22
C07623,25,F,urban,1074.0,16
C07624,63,F,urban,769.0,3
C07625,47,F,urban,1047.0,9
C07626,29,M,urban,1550.0,13
C07627,21,M,rural,929.0,13
C07628,55,M,urban,898.0,20
C07629,40,F,urban,1579.0,20
C07630,34,M,rural,1643.0,3
C07631,38,F,rural,554.0,9
C07632,69,F,urban,1078.0,16
C07633,40,M,urban,801.0,3
C07634,22,M,rural,1106.0,15
C07635,32,F,urban,2593.0,4
C07636,25,M,urban,1360.0,15
C07637,53,F,rural,4018.0,4
C07638,59,M,urban,1251.0,19
C07639,61,M,rural,992.0,13
C07640,50,F,rural,1084.0,23
C07641,57,M,urban,1195.0,4
C07642,39,M,urban,1331.0,22
C07643,50,M,rural,605.0,12
C07644,23,M,rural,953.0,13
C07645,45,F,rural,710.0,18
C07646,46,M,rural,2034.0,16
C07647,19,M,urban,345.0,22
C07648,46,M,urban,1205.0,21
C07649,55,M,urban,441.0,7
C07650,37,M,rural,1421.0,9
C07651,46,F,urban,863.0,22
C07652,32,M,rural,369.0,20
C07653,32,F,rural,1930.0,24
C07654,24,M,rural,242.0,23
C07655,35,M,rural,1076.0,16
C07656,59,M,urban,1660.0,24
C07657,66,F,urban,2505.0,19
C07658,51,F,rural,417.0,22
C07659,50,M,rural,805.0,13
C07660,49,F,rural,2101.0,24
C07661,42,M,rural,2188.0,4
C07662,39,F,rural,2365.0,22
C07663,50,F,urban,5100.0,24
C07664,58,M,urban,808.0,20
C07665,39,M,rural,1371.0,23
C07666,47,M,rural,891.0,12
C07667,42,F,rural,335.0,10
C07668,32,M,urban,1039.0,5
C07669,33,F,rural,331.0,7
C07670,22,M,urban,802.0,22
C07671,40,F,urban,454.0,4
C07672,55,M,urban,1427.0,7
C07673,53,F,rural,687.0,13
C07674,69,M,urban,376.0,10
C07675,20,M,urban,1843.0,23
C07676,57,M,urban,763.0,3
C07677,59,F,urban,846.0,3
C07678,40,M,rural,610.0,8
C07679,32,F,rural,2185.0,16
C07680,36,F,rural,1290.0,10
C07681,53,M,urban,759.0,21
C07682,62,M,rural,348.0,5
C07683,51,M,urban,4946.0,11
C07684,44,M,rural,3596.0,17
C07685,51,M,rural,2607.0,16
C07686,21,F,rural,719.0,14
C07687,49,M,rural,812.0,12
C07688,20,M,urban,1395.0,5
C07689,67,F,rural,641.0,4
C07690,64,M,rural,606.0,4
C07691,44,F,rural,2631.0,14
C07692,37,F,rural,1061.0,22
C07693,56,M,urban,560.0,4
C07694,51,M,rural,1942.0,4
C07695,54,F,rural,777.0,18
C07696,44,F,rural,334.0,14
C07697,30,F,urban,555.0,9
C07698,21,F,urban,804.0,3
C07699,32,M,rural,1251.0,20
C07700,45,M,urban,1216.0,17
C07701,40,F,urban,2291.0,15
C07702,44,F,urban,951.0,8
C07703,32,F,rural,829.0,23
C07704,66,M,rural,2315.0,4
C07705,37,F,rural,1973.0,19
C07706,62,M,rural,965.0,19
C07707,38,M,urban,1307.0,18
C07708,41,M,urban,825.0,16
C07709,49,M,urban,546.0,9
C07710,31,F,rural,4098.0,13
C07711,29,M,rural,792.0,12
C07712,37,F,urban,1309.0,22
C07713,59,M,urban,442.0,19
C07714,25,M,rural,1706.0,13
C07715,40,M,rural,532.0,18
C07716,52,M,rural,3001.0,24
C07717,54,F,rural,3224.0,18
C07718,40,M,urban,1540.0,10
C07719,22,M,rural,1175.0,3
C07720,18,M,urban,980.0,22
C07721,42,M,rural,1066.0,3
C07722,60,M,urban,1402.0,14
C07723,19,F,rural,1157.0,4
C07724,64,M,rural,1976.0,22
C07725,53,M,rural,632.0,3
C07726,18,F,urban,2743.0,18
C07727,35,F,rural,851.0,20
C07728,29,M,urban,701.0,19
C07729,67,F,rural,1363.0,15
C07730,46,F,urban,1416.0,15
C07731,34,M,rural,387.0,14
C07732,32,M,urban,822.0,19
C07733,47,F,urban,298.0,4
C07734,18,F,rural,731.0,22
C07735,31,F,rural,750.0,20
C07736,26,M,urban,1311.0,24
C07737,50,F,urban,684.0,5
C07738,52,M,urban,788.0,7
C07739,42,F,urban,2398.0,7
C07740,25,F,rural,3784.0,12
C07741,37,M,rural,631.0,21
C07742,61,M,rural,2021.0,20
C07743,28,F,rural,1384.0,18
C07744,26,F,rural,386.0,11
C07745,23,M,rural,682.0,5
C07746,60,F,urban,178.0,18
C07747,24,M,rural,1332.0,4
C07748,48,M,urban,575.0,7
C07749,69,M,urban,1188.0,11
C07750,51,F,rural,5129.0,20
C07751,39,M,rural,2852.0,16
C07752,28,F,urban,692.0,5
C07753,18,M,urban,599.0,8
C07754,26,F,urban,2382.0,21
C07755,67,F,rural,600.0,15
C07756,25,M,urban,1988.0,17
C07757,19,M,rural,5662.0,10
C07758,60,M,rural,1645.0,20
C07759,39,M,urban,2231.0,15
C07760,36,F,rural,2081.0,4
C07761,55,F,rural,785.0,18
C07762,45,M,rural,1305.0,9
C07763,65,F,rural,618.0,21
C07764,42,M,urban,2378.0,17
C07765,55,M,rural,572.0,7
C07766,63,M,rural,1670.0,3
C07767,42,M,rural,2163.0,4
C07768,32,F,rural,816.0,8
C07769,68,M,rural,712.0,5
C07770,29,F,urban,990.0,17
C07771,20,M,urban,642.0,6
C07772,48,F,urban,1205.0,12
C07773,69,M,urban,633.0,10
C07774,22,M,rural,661.0,17
C07775,62,M,urban,1523.0,3
C07776,61,M,rural,1588.0,11
C07777,66,M,rural,920.0,21
C07778,39,M,urban,408.0,8
C07779,31,F,rural,2214.0,21
C07780,44,M,urban,838.0,6
C07781,25,F,urban,3780.0,18
C07782,61,F,rural,1013.0,9
C07783,52,M,urban,1190.0,10
C07784,43,F,urban,846.0,14
C07785,44,M,rural,1269.0,18
C07786,55,F,urban,8830.0,14
C07787,45,F,urban,889.0,15
C07788,61,F,rural,2359.0,9
C07789,66,M,rural,1158.0,17
C07790,67,F,rural,2218.0,4
C07791,50,M,rural,344.0,4
C07792,56,M,urban,3523.0,6
C07793,34,M,rural,1346.0,22
C07794,19,M,urban,934.0,16
C07795,38,F,urban,1886.0,10
C07796,63,F,rural,1196.0,16
C07797,24,M,rural,551.0,8
C07798,46,F,urban,256.0,19
C07799,28,F,urban,3280.0,11
C07800,40,F,urban,959.0,16
C07801,25,F,rural,759.0,8
C07802,56,M,urban,795.0,3
C07803,60,M,rural,2640.0,24
C07804,57,F,urban,817.0,17
C07805,54,M,urban,1614.0,17
C07806,30,F,rural,897.0,16
C07807,45,F,rural,517.0,22
C07808,23,F,urban,1883.0,3
C07809,37,M,rural,2126.0,23
C07810,44,F,rural,730.0,13
C07811,52,F,rural,1072.0,15
C07812,23,M,rural,1162.0,23
C07813,60,M,rural,1432.0,20
C07814,41,M,rural,3579.0,10
C07815,63,M,rural,903.0,22
C07816,45,F,urban,900.0,4
C07817,46,F,rural,987.0,6
C07818,54,M,rural,623.0,7
C07819,60,M,rural,390.0,8
C07820,26,M,urban,1188.0,17
C07821,44,M,rural,1505.0,11
C07822,19,M,rural,1098.0,21
C07823,42,F,rural,1056.0,16
C07824,60,F,urban,640.0,16
C07825,63,F,rural,1276.0,19
C07826,32,F,rural,1214.0,12
C07827,38,M,urban,1458.0,10
C07828,46,F,rural,1332.0,5
C07829,38,M,urban,1389.0,21
C07830,27,M,rural,2419.0,8
C07831,33,M,rural,1546.0,17
C07832,39,M,urban,1463.0,20
C07833,44,M,rural,385.0,11
C07834,65,M,rural,2063.0,6
C07835,46,M,urban,917.0,17
C07836,38,F,rural,1150.0,10
C07837,52,M,urban,511.0,21
C07838,58,M,urban,3843.0,12
C07839,40,F,rural,249.0,10
C07840,43,F,urban,2678.0,18
C07841,29,M,rural,1415.0,11
C07842,62,F,rural,350.0,20
C07843,63,M,rural,3721.0,18
C07844,27,M,rural,1493.0,22
C07845,35,M,rural,266.0,12
C07846,32,M,rural,851.0,4
C07847,65,F,rural,1511.0,6
C07848,21,M,rural,3065.0,3
C07849,28,F,rural,858.0,21
C07850,34,F,urban,224.0,8
C07851,47,F,rural,2632.0,7
C07852,30,M,urban,1479.0,16
C07853,45,M,urban,287.0,8
C07854,56,F,urban,1347.0,24
C07855,61,F,urban,1435.0,22
C07856,23,M,urban,903.0,12
C07857,25,M,rural,668.0,17
C07858,22,F,rural,761.0,11
C07859,65,F,urban,902.0,12
C07860,51,F,rural,1357.0,13
C07861,45,F,rural,1760.0,11
C07862,59,M,rural,302.0,12
C07863,48,M,urban,1279.0,7
C07864,30,F,urban,1470.0,17
C07865,44,F,rural,1214.0,4
C07866,54,M,rural,860.0,23
C07867,19,F,rural,2571.0,23
C07868,49,M,rural,2457.0,7
C07869,43,M,rural,880.0,3
C07870,21,F,rural,1043.0,13
C07871,31,M,rural,1743.0,4
C07872,41,M,rural,2367.0,11
C07873,35,F,rural,672.0,19
C07874,33,M,urban,585.0,9
C07875,51,M,rural,1293.0,22
C07876,39,F,urban,559.0,3
C07877,43,M,urban,341.0,18
C07878,59,F,rural,670.0,14
C07879,22,M,urban,1409.0,8
C07880,36,M,rural,2785.0,12
C07881,21,F,rural,717.0,8
C07882,66,M,urban,1018.0,16
C07883,27,F,urban,1204.0,24
C07884,60,F,urban,743.0,14
C07885,27,F,rural,709.0,18
C07886,34,M,urban,1341.0,16
C07887,49,M,urban,535.0,21
C07888,61,F,rural,692.0,15
C07889,27,M,urban,971.0,12
C07890,29,F,rural,1331.0,5
C07891,63,F,urban,442.0,20
C07892,34,M,rural,1014.0,22
C07893,28,M,rural,505.0,24
C07894,56,F,urban,727.0,19
C07895,22,F,urban,1760.0,10
C07896,63,M,urban,1049.0,18
C07897,63,F,urban,2985.0,10
C07898,62,F,urban,1050.0,22
C07899,33,M,rural,1960.0,3
C07900,23,M,urban,1767.0,22
C07901,40,F,urban,1088.0,19
C07902,35,F,urban,498.0,22
C07903,67,F,rural,1030.0,8
C07904,50,M,urban,797.0,14
C07905,67,F,rural,778.0,8
C07906,57,F,rural,1204.0,18
C07907,55,F,urban,460.0,16
C07908,23,M,urban,649.0,18
C07909,21,M,urban,598.0,19
C07910,20,M,rural,941.0,3
C07911,48,M,urban,692.0,11
C07912,28,M,urban,719.0,8
C07913,69,F,rural,1189.0,23
C07914,24,M,rural,839.0,14
C07915,67,F,urban,1100.0,6
C07916,52,M,rural,561.0,11
C07917,23,F,urban,667.0,14
C07918,21,M,urban,3731.0,10
C07919,38,F,urban,722.0,16
C07920,35,F,rural,310.0,19
C07921,34,F,urban,1347.0,16
C07922,45,M,rural,717.0,15
C07923,24,M,rural,1269.0,17
C07924,24,F,rural,1039.0,9
C07925,54,M,urban,1525.0,16
C07926,69,F,urban,1033.0,4
C07927,32,M,rural,957.0,20
C07928,66,M,urban,2184.0,11
C07929,35,F,rural,290.0,20
C07930,35,F,urban,495.0,8
C07931,22,F,rural,668.0,24
C07932,40,M,rural,397.0,14
C07933,43,F,rural,823.0,23
C07934,52,F,rural,775.0,9
C07935,26,M,urban,1968.0,14
C07936,27,M,urban,1040.0,18
C07937,40,M,urban,965.0,18
C07938,21,F,rural,873.0,8
C07939,25,M,urban,583.0,11
C07940,50,F,urban,1871.0,8
C07941,67,M,urban,2267.0,17
C07942,47,F,urban,530.0,12
C07943,25,F,rural,2899.0,3
C07944,69,M,rural,733.0,9
C07945,45,M,urban,698.0,11
C07946,55,M,urban,1456.0,15
C07947,28,M,rural,1536.0,23
C07948,48,M,rural,1051.0,24
C07949,21,F,rural,891.0,17
C07950,50,M,rural,2216.0,22
C07951,28,M,rural,754.0,3
C07952,65,M,rural,1052.0,21
C07953,20,M,rural,3030.0,14
C07954,51,F,rural,492.0,11
C07955,25,M,rural,833.0,11
C07956,53,M,rural,2029.0,10
C07957,43,M,urban,1505.0,20
C07958,68,F,urban,1875.0,13
C07959,51,F,rural,496.0,5
C07960,37,M,rural,1330.0,22
C07961,22,F,urban,924.0,16
C07962,48,F,urban,4287.0,11
C07963,40,F,urban,1782.0,18
C07964,20,M,urban,1082.0,10
C07965,48,F,rural,1302.0,16
C07966,28,F,rural,1133.0,3
C07967,30,M,rural,1668.0,9
C07968,18,M,urban,656.0,10
C07969,37,M,urban,2488.0,20
C07970,29,M,urban,495.0,19
C07971,21,M,urban,1240.0,20
C07972,40,F,rural,669.0,13
C07973,29,F,urban,1125.0,10
C07974,24,M,rural,1984.0,14
C07975,42,M,rural,393.0,8
C07976,21,F,urban,991.0,14
C07977,69,M,urban,462.0,17
C07978,42,M,urban,927.0,24
C07979,69,F,urban,462.0,11
C07980,63,M,rural,1208.0,5
C07981,68,M,rural,849.0,10
C07982,46,F,rural,1717.0,21
C07983,40,F,rural,2292.0,12
C07984,55,M,rural,1104.0,12
C07985,22,F,rural,1875.0,13
C07986,61,F,urban,2514.0,8
C07987,34,M,urban,631.0,21
C07988,18,F,urban,2594.0,17
C07989,30,M,urban,1073.0,23
C07990,30,M,rural,610.0,5
C07991,18,M,urban,1312.0,18
C07992,52,M,rural,1050.0,4
C07993,22,M,urban,471.0,4
C07994,62,F,rural,566.0,21
C07995,41,M,urban,2929.0,10
C07996,55,F,urban,1296.0,9
C07997,35,M,rural,2668.0,7
C07998,24,F,urban,854.0,5
C07999,27,M,rural,678.0,17
C08000,51,M,rural,399.0,14
C08001,55,F,urban,1960.0,16
C08002,31,F,urban,1403.0,6
C08003,36,M,urban,859.0,24
C08004,67,M,urban,682.0,3
C08005,62,F,rural,2156.0,12
C08006,39,F,rural,986.0,14
C08007,30,M,urban,992.0,5
C08008,33,F,rural,765.0,15
C08009,45,M,rural,859.0,16
C08010,47,M,urban,1525.0,14
C08011,27,F,urban,469.0,11
C08012,21,F,rural,1151.0,23
C08013,43,M,rural,1946.0,6
C08014,59,M,urban,1042.0,19
C08015,25,M,rural,2064.0,11
C08016,39,F,urban,2451.0,11
C08017,26,M,rural,1886.0,8
C08018,30,M,rural,794.0,17
C08019,49,M,urban,1074.0,7
C08020,32,F,rural,1349.0,11
C08021,31,M,rural,827.0,13
C08022,69,F,rural,811.0,3
C08023,26,M,rural,782.0,20
C08024,27,M,rural,5045.0,10
C08025,66,M,urban,932.0,22
C08026,46,M,urban,2082.0,17
C08027,20,M,rural,651.0,8
C08028,40,M,rural,3044.0,17
C08029,47,M,urban,874.0,12
C08030,31,M,rural,1132.0,13
C08031,46,M,rural,365.0,21
C08032,51,M,urban,2143.0,17
C08033,31,M,urban,2440.0,24
C08034,60,M,rural,538.0,23
C08035,41,F,urban,2219.0,21
C08036,68,F,rural,492.0,13
C08037,22,F,rural,1602.0,13
C08038,34,M,urban,923.0,22
C08039,55,F,urban,2445.0,22
C08040,64,F,urban,1273.0,11
C08041,29,M,rural,1918.0,18
C08042,68,M,urban,2305.0,16
C08043,28,F,rural,921.0,5
C08044,39,F,rural,1078.0,5
C08045,34,F,rural,563.0,4
C08046,40,F,urban,916.0,8
C08047,64,F,urban,3485.0,23
C08048,56,F,rural,1726.0,9
C08049,59,M,urban,586.0,23
C08050,31,M,urban,2919.0,12
C08051,67,F,rural,1385.0,13
C08052,40,M,rural,1805.0,8
C08053,51,M,rural,1472.0,17
C08054,54,M,urban,1411.0,15
C08055,52,M,rural,331.0,9
C08056,49,M,rural,2131.0,20
C08057,42,F,rural,284.0,18
C08058,51,M,urban,2017.0,18
C08059,65,F,rural,1164.0,12
C08060,38,M,urban,1810.0,17
C08061,44,F,rural,1206.0,10
C08062,27,F,rural,2051.0,24
C08063,36,F,rural,1107.0,12
C08064,58,M,urban,1298.0,9
C08065,51,M,rural,1398.0,13
C08066,28,F,rural,3385.0,23
C08067,46,F,urban,1572.0,23
C08068,60,M,urban,498.0,10
C08069,24,F,rural,782.0,22
C08070,21,F,rural,1570.0,9
C08071,38,M,rural,2335.0,7
C08072,52,F,urban,711.0,7
C08073,34,M,urban,4205.0,9
C08074,60,M,urban,1218.0,9
C08075,62,F,rural,1411.0,9
C08076,45,M,rural,517.0,11
C08077,37,F,rural,2142.0,3
C08078,20,F,rural,839.0,11
C08079,60,F,urban,701.0,14
C08080,64,M,rural,907.0,11
C08081,41,M,urban,2514.0,13
C08082,44,M,urban,1450.0,7
C08083,57,F,urban,643.0,5
C08084,54,M,urban,798.0,22
C08085,25,F,urban,2555.0,24
C08086,52,M,rural,952.0,11
C08087,66,M,rural,1535.0,19
C08088,57,F,rural,1778.0,6
C08089,42,F,urban,141.0,7
C08090,45,M,rural,2342.0,14
C08091,31,F,urban,658.0,18
C08092,52,M,urban,883.0,18
C08093,30,F,urban,2762.0,10
C08094,35,M,urban,2613.0,22
C08095,31,M,rural,1474.0,16
C08096,35,M,rural,1698.0,9
C08097,37,M,urban,1972.0,13
C08098,22,F,rural,2587.0,9
C08099,55,M,urban,2792.0,6
C08100,40,M,urban,1170.0,3
C08101,67,M,rural,705.0,13
C08102,27,M,rural,941.0,3
C08103,52,F,rural,1184.0,24
C08104,27,M,urban,1062.0,22
C08105,46,F,rural,597.0,19
C08106,43,F,urban,1425.0,19
C08107,41,M,urban,428.0,16
C08108,52,F,urban,1154.0,19
C08109,61,M,urban,1200.0,21
C08110,34,M,urban,1175.0,14
C08111,62,M,urban,1828.0,21
C08112,27,M,rural,1688.0,8
C08113,33,M,urban,4161.0,22
C08114,34,M,urban,804.0,18
C08115,67,F,rural,1297.0,5
C08116,24,M,rural,1248.0,7
C08117,38,F,urban,1213.0,5
C08118,40,M,urban,513.0,8
C08119,59,F,urban,539.0,20
C08120,43,M,rural,1101.0,21
C08121,68,M,urban,426.0,24
C08122,56,M,urban,897.0,5
C08123,54,F,rural,744.0,15
C08124,57,F,rural,917.0,21
C08125,26,M,urban,2163.0,24
C08126,41,F,urban,574.0,5
C08127,48,F,urban,1848.0,17
C08128,28,F,urban,778.0,4
C08129,24,M,urban,839.0,4
C08130,25,F,rural,1450.0,21
C08131,59,F,rural,930.0,23
C08132,52,M,rural,642.0,7
C08133,32,M,rural,878.0,21
C08134,56,M,rural,378.0,23
C08135,54,F,urban,1378.0,14
C08136,60,M,rural,171.0,6
C08137,65,M,urban,1868.0,19
C08138,63,M,urban,1586.0,15
C08139,27,F,urban,2867.0,10
C08140,58,F,rural,4061.0,22
C08141,38,M,rural,1923.0,16
C08142,38,M,rural,753.0,8
C08143,51,F,rural,4038.0,12
C08144,49,M,rural,536.0,9
C08145,39,M,urban,350.0,14
C08146,69,F,urban,3333.0,8
C08147,27,M,rural,1573.0,17
C08148,23,M,rural,356.0,12
C08149,19,M,urban,486.0,4
C08150,60,F,urban,1527.0,3
C08151,39,F,rural,651.0,5
C08152,40,M,urban,709.0,6
C08153,51,F,rural,3568.0,4
C08154,40,F,rural,3980.0,17
C08155,47,F,rural,1198.0,16
C08156,21,M,urban,1002.0,3
C08157,26,M,rural,1885.0,12
C08158,66,F,urban,783.0,9
C08159,41,M,urban,288.0,14
C08160,26,M,urban,209.0,15
C08161,37,M,urban,1049.0,14
C08162,35,F,urban,1861.0,11
C08163,32,M,rural,1107.0,3
C08164,33,M,urban,1783.0,20
C08165,55,F,urban,1893.0,20
C08166,23,M,urban,2519.0,21
C08167,34,M,rural,1226.0,18
C08168,42,M,urban,1294.0,10
C08169,46,M,rural,1073.0,18
C08170,63,F,urban,939.0,22
C08171,66,M,rural,427.0,3
C08172,33,F,rural,2215.0,14
C08173,46,M,rural,871.0,17
C08174,19,M,rural,842.0,24
C08175,50,M,rural,792.0,14
C08176,25,M,urban,491.0,22
C08177,21,M,urban,1042.0,19
C08178,52,M,rural,1495.0,20
C08179,27,F,rural,718.0,5
C08180,42,M,rural,2044.0,14
C08181,23,F,urban,879.0,19
C08182,56,M,urban,437.0,5
C08183,57,M,rural,2500.0,24
C08184,47,F,rural,1235.0,18
C08185,61,M,urban,1841.0,21
C08186,40,M,urban,1867.0,16
C08187,27,M,rural,622.0,22
C08188,25,M,rural,802.0,22
C08189,29,F,rural,2040.0,4
C08190,28,M,urban,3298.0,23
C08191,34,F,urban,1139.0,14
C08192,29,M,urban,753.0,13
C08193,48,M,rural,3009.0,8
C08194,25,M,urban,753.0,11
C08195,50,M,urban,1336.0,14
C08196,35,F,urban,848.0,14
C08197,53,F,urban,1289.0,18
C08198,44,M,rural,622.0,17
C08199,65,M,urban,876.0,19
C08200,40,F,rural,753.0,15
C08201,33,M,rural,1632.0,24
C08202,48,M,urban,1209.0,22
C08203,52,M,rural,1860.0,24
C08204,40,M,rural,668.0,18
C08205,47,M,rural,968.0,8
C08206,42,M,rural,1596.0,24
C08207,33,F,rural,1836.0,23
C08208,34,M,rural,461.0,9
C08209,65,F,rural,1327.0,22
C08210,53,F,urban,673.0,14
C08211,22,M,rural,1892.0,18
C08212,68,M,rural,3349.0,10
C08213,55,M,urban,229.0,8
C08214,20,F,urban,740.0,11
C08215,55,M,rural,1285.0,7
C08216,48,F,urban,1094.0,6
C08217,65,F,rural,1927.0,12
C08218,43,F,rural,1150.0,23
C08219,44,M,urban,798.0,3
C08220,34,F,urban,595.0,10
C08221,34,F,rural,537.0,9
C08222,50,F,urban,702.0,7
C08223,61,M,rural,781.0,4
C08224,64,F,urban,1381.0,6
C08225,58,M,urban,998.0,14
C08226,49,F,urban,742.0,12
C08227,44,M,urban,598.0,16
C08228,35,M,rural,719.0,21
C08229,57,F,urban,782.0,5
C08230,34,M,urban,700.0,10
C08231,31,F,rural,1642.0,22
C08232,63,F,rural,2492.0,8
C08233,48,F,urban,542.0,5
C08234,36,F,rural,2146.0,8
C08235,62,M,urban,1662.0,11
C08236,68,M,rural,1222.0,8
C08237,34,F,rural,2741.0,14
C08238,45,M,rural,990.0,7
C08239,43,M,rural,1396.0,15
C08240,54,M,rural,1181.0,22
C08241,67,M,urban,1130.0,10
C08242,46,F,rural,1444.0,14
C08243,59,M,rural,1128.0,18
C08244,48,M,urban,1451.0,4
C08245,64,F,rural,734.0,10
C08246,39,F,rural,748.0,16
C08247,38,M,rural,732.0,8
C08248,39,F,urban,881.0,12
C08249,69,M,rural,2014.0,12
C08250,49,F,urban,831.0,23
C08251,25,M,rural,1622.0,5
C08252,20,M,urban,1286.0,16
C08253,44,M,rural,841.0,24
C08254,59,F,urban,2405.0,22
C08255,42,M,rural,1706.0,15
C08256,47,M,urban,1098.0,11
C08257,59,F,rural,1045.0,6
C08258,44,M,rural,1160.0,8
C08259,65,F,urban,438.0,20
C08260,51,M,rural,668.0,3
C08261,56,M,rural,1447.0,18
C08262,58,M,urban,424.0,23
C08263,50,M,urban,700.0,12
C08264,20,M,urban,867.0,20
C08265,40,M,urban,6262.0,24
C08266,25,F,rural,1643.0,19
C08267,44,M,rural,2118.0,14
C08268,25,M,urban,676.0,15
C08269,44,F,rural,1363.0,7
C08270,35,M,urban,381.0,5
C08271,19,F,rural,899.0,20
C08272,24,F,rural,1485.0,14
C08273,44,M,rural,468.0,23
C08274,22,F,rural,1388.0,19
C08275,62,F,urban,1459.0,8
C08276,57,M,rural,764.0,24
C08277,54,F,rural,665.0,3
C08278,26,M,rural,714.0,5
C08279,59,F,urban,891.0,16
C08280,51,M,rural,907.0,16
C08281,38,M,urban,1489.0,19
C08282,18,F,rural,796.0,17
C08283,45,M,rural,2868.0,8
C08284,59,F,urban,2855.0,6
C08285,19,F,urban,1264.0,24
C08286,20,F,urban,892.0,10
C08287,37,F,urban,796.0,6
C08288,44,F,urban,1326.0,4
C08289,42,F,urban,1473.0,20
C08290,40,F,urban,972.0,21
C08291,31,M,rural,866.0,22
C08292,21,F,rural,1355.0,21
C08293,19,M,urban,1143.0,6
C08294,23,M,urban,778.0,3
C08295,53,M,rural,1174.0,14
C08296,58,M,urban,763.0,14
C08297,40,M,urban,699.0,3
C08298,22,M,rural,1093.0,22
C08299,39,F,rural,777.0,17
C08300,69,F,urban,706.0,17
C08301,30,F,rural,2054.0,15
C08302,43,F,urban,867.0,24
C08303,45,F,urban,3314.0,20
C08304,35,F,urban,1597.0,15
C08305,40,M,rural,670.0,14
C08306,42,F,rural,2199.0,21
C08307,42,M,rural,713.0,10
C08308,55,M,rural,3583.0,21
C08309,48,M,rural,1256.0,6
C08310,20,F,urban,1519.0,3
C08311,18,F,rural,1117.0,4
C08312,39,M,urban,1286.0,11
C08313,65,F,rural,956.0,14
C08314,19,M,rural,629.0,22
C08315,21,M,rural,1345.0,23
C08316,53,M,urban,2028.0,3
C08317,41,M,rural,537.0,19
C08318,29,F,urban,2764.0,7
C08319,28,M,urban,1573.0,11
C08320,52,M,rural,844.0,21
C08321,45,M,urban,835.0,24
C08322,51,F,urban,3356.0,20
C08323,32,F,rural,1926.0,7
C08324,45,F,urban,2173.0,3
C08325,62,F,urban,943.0,24
C08326,34,F,rural,1530.0,8
C08327,38,M,urban,1352.0,8
C08328,26,M,urban,988.0,14
C08329,51,M,rural,1171.0,6
C08330,19,M,urban,2135.0,17
C08331,30,M,rural,2863.0,21
C08332,55,M,rural,943.0,10
C08333,19,M,rural,499.0,13
C08334,69,M,urban,2940.0,22
C08335,39,M,urban,2962.0,22
C08336,38,M,rural,1394.0,5
C08337,45,F,urban,3215.0,19
C08338,51,F,rural,1335.0,3
C08339,41,M,rural,636.0,6
C08340,63,M,rural,499.0,16
C08341,68,M,urban,496.0,5
C08342,28,M,rural,1100.0,7
C08343,54,M,rural,829.0,12
C08344,33,M,urban,775.0,12
C08345,69,F,rural,1028.0,15
C08346,31,F,urban,1835.0,23
C08347,33,F,rural,790.0,12
C08348,55,F,urban,714.0,9
C08349,59,F,urban,822.0,7
C08350,24,F,rural,1906.0,22
C08351,46,F,urban,1052.0,7
C08352,35,F,urban,1297.0,3
C08353,49,F,urban,2784.0,14
C08354,46,F,rural,6039.0,19
C08355,69,F,urban,1610.0,3
C08356,66,M,rural,1517.0,17
C08357,52,M,rural,539.0,12
C08358,53,M,rural,1368.0,20
C08359,64,M,urban,1138.0,3
C08360,27,M,urban,1873.0,22
C08361,55,M,rural,867.0,22
C08362,58,M,rural,1237.0,18
C08363,24,F,rural,1577.0,16
C08364,63,M,rural,3426.0,18
C08365,54,M,rural,2802.0,6
C08366,36,M,rural,2344.0,22
C08367,43,M,rural,1696.0,19
C08368,43,F,rural,847.0,19
C08369,65,F,urban,1696.0,13
C08370,68,M,urban,690.0,6
C08371,59,M,rural,969.0,14
C08372,51,M,rural,3188.0,14
C08373,23,F,urban,1514.0,8
C08374,65,F,rural,1257.0,23
C08375,24,F,rural,1358.0,11
C08376,26,M,rural,1037.0,23
C08377,21,F,urban,301.0,22
C08378,67,F,urban,514.0,4
C08379,43,F,rural,1588.0,6
C08380,30,M,rural,631.0,11
C08381,22,M,rural,1028.0,16
C08382,39,M,urban,525.0,5
C08383,55,M,urban,713.0,7
C08384,69,F,rural,1094.0,21
C08385,46,M,urban,1909.0,12
C08386,49,M,rural,2153.0,15
C08387,61,F,urban,706.0,14
C08388,64,M,urban,1318.0,24
C08389,32,F,rural,466.0,5
C08390,69,F,urban,1134.0,14
C08391,44,F,urban,1943.0,4
C08392,66,F,rural,1053.0,4
C08393,24,M,urban,2415.0,13
C08394,23,M,urban,1812.0,22
C08395,63,F,rural,1267.0,12
C08396,52,M,urban,944.0,18
C08397,27,M,rural,796.0,23
C08398,64,F,urban,457.0,3
C08399,23,M,urban,504.0,18
C08400,53,M,urban,1992.0,22
C08401,28,M,rural,2720.0,22
C08402,21,M,urban,573.0,19
C08403,59,F,rural,1142.0,23
C08404,62,M,urban,426.0,16
C08405,23,M,urban,610.0,3
C08406,22,M,rural,1282.0,24
C08407,49,F,urban,803.0,22
C08408,19,M,rural,347.0,7
C08409,56,M,rural,3076.0,24
C08410,65,F,rural,1065.0,17
C08411,57,M,rural,565.0,12
C08412,29,F,rural,1184.0,21
C08413,27,M,urban,1045.0,16
C08414,53,M,rural,1412.0,20
C08415,21,M,urban,894.0,10
C08416,45,F,urban,1324.0,11
C08417,41,M,rural,1932.0,5
C08418,56,M,urban,497.0,22
C08419,28,M,rural,723.0,8
C08420,57,M,urban,1814.0,6
C08421,54,F,urban,788.0,4
C08422,30,F,rural,1044.0,11
C08423,36,M,rural,827.0,13
C08424,21,M,rural,858.0,21
C08425,41,M,urban,816.0,17
C08426,31,F,urban,515.0,20
C08427,23,M,urban,1444.0,3
C08428,47,M,urban,2074.0,3
C08429,47,F,urban,986.0,8
C08430,22,F,rural,1939.0,11
C08431,27,M,urban,817.0,4
C08432,22,M,rural,788.0,22
C08433,53,F,rural,1403.0,24
C08434,35,F,rural,1417.0,13
C08435,21,M,urban,1025.0,20
C08436,27,M,urban,1646.0,7
C08437,68,M,urban,507.0,3
C08438,31,M,rural,914.0,22
C08439,53,M,rural,1956.0,20
C08440,42,F,urban,1953.0,19
C08441,27,M,urban,1811.0,21
C08442,33,M,rural,2023.0,18
C08443,18,F,urban,877.0,20
C08444,56,M,urban,394.0,24
C08445,35,M,urban,939.0,22
C08446,43,F,urban,1606.0,22
C08447,25,M,urban,1772.0,13
C08448,60,F,rural,800.0,21
C08449,29,M,rural,614.0,8
C08450,47,M,rural,651.0,9
C08451,63,F,urban,791.0,22
C08452,55,M,urban,351.0,10
C08453,49,M,rural,799.0,21
C08454,64,M,urban,1129.0,13
C08455,27,F,urban,1034.0,9
C08456,68,M,rural,899.0,12
C08457,46,F,rural,725.0,15
C08458,39,F,urban,778.0,4
C08459,31,M,rural,786.0,15
C08460,56,M,urban,1675.0,5
C08461,68,M,rural,1096.0,13
C08462,53,F,urban,7333.0,10
C08463,19,M,rural,898.0,16
C08464,42,F,urban,1426.0,21
C08465,56,M,rural,910.0,4
C08466,38,M,rural,897.0,4
C08467,58,F,rural,2800.0,13
C08468,54,M,rural,1995.0,19
C08469,21,M,rural,383.0,9
C08470,47,F,urban,594.0,20
C08471,26,F,urban,1011.0,3
C08472,43,M,rural,804.0,9
C08473,37,M,rural,444.0,14
C08474,59,M,urban,1176.0,16
C08475,63,F,urban,355.0,11
C08476,41,M,urban,1183.0,22
C08477,45,F,urban,1699.0,12
C08478,50,F,urban,1851.0,16
C08479,52,F,rural,1006.0,5
C08480,51,M,urban,2715.0,23
C08481,58,M,rural,1338.0,14
C08482,69,M,rural,1822.0,13
C08483,61,M,urban,705.0,8
C08484,25,M,rural,2733.0,16
C08485,42,F,rural,1095.0,3
C08486,41,M,urban,2824.0,12
C08487,44,M,rural,2477.0,20
C08488,45,M,rural,1280.0,20
C08489,55,F,urban,1399.0,16
C08490,39,M,rural,984.0,11
C08491,31,F,urban,671.0,14
C08492,41,F,urban,1567.0,6
C08493,62,M,rural,1520.0,16
C08494,34,F,urban,415.0,7
C08495,19,M,urban,1043.0,10
C08496,68,M,urban,1846.0,19
C08497,28,M,urban,2642.0,5
C08498,49,M,urban,1695.0,10
C08499,59,F,rural,441.0,10
C08500,32,F,urban,583.0,23
C08501,35,M,rural,891.0,20
C08502,32,F,urban,2538.0,11
C08503,25,M,urban,762.0,16
C08504,25,M,rural,2070.0,8
C08505,27,F,rural,755.0,20
C08506,41,M,rural,1510.0,10
C08507,45,F,urban,624.0,22
C08508,18,M,rural,976.0,22
C08509,62,F,rural,556.0,8
C08510,53,M,rural,2607.0,12
C08511,21,M,rural,723.0,23
C08512,61,F,rural,433.0,5
C08513,19,M,urban,413.0,17
C08514,47,M,urban,1042.0,14
C08515,42,F,urban,833.0,15
C08516,44,M,urban,1618.0,15
C08517,67,M,urban,952.0,14
C08518,66,M,urban,2207.0,10
C08519,32,F,rural,870.0,13
C08520,48,F,rural,2030.0,24
C08521,67,F,rural,619.0,4
C08522,55,M,urban,445.0,6
C08523,64,M,rural,669.0,4
C08524,40,M,rural,557.0,16
C08525,32,M,urban,521.0,10
C08526,44,F,rural,1406.0,3
C08527,60,M,urban,936.0,7
C08528,66,F,rural,1194.0,8
C08529,53,F,rural,1505.0,4
C08530,54,F,rural,399.0,19
C08531,44,M,rural,1544.0,3
C08532,34,M,urban,532.0,22
C08533,39,F,rural,776.0,24
C08534,43,F,rural,352.0,23
C08535,60,M,rural,1624.0,7
C08536,46,F,urban,398.0,8
C08537,59,F,urban,534.0,24
C08538,19,M,rural,557.0,16
C08539,57,F,rural,1015.0,14
C08540,44,M,rural,997.0,22
C08541,69,F,urban,1785.0,7
C08542,42,M,rural,1030.0,11
C08543,42,M,rural,1958.0,6
C08544,24,M,rural,1377.0,20
C08545,59,F,rural,622.0,7
C08546,54,F,urban,735.0,5
C08547,62,M,rural,2714.0,11
C08548,22,M,rural,2290.0,15
C08549,29,M,urban,1798.0,7
C08550,63,M,urban,1946.0,22
C08551,20,F,rural,1450.0,21
C08552,44,M,urban,1341.0,23
C08553,39,F,urban,1130.0,11
C08554,66,F,rural,3039.0,11
C08555,62,M,rural,830.0,14
C08556,64,M,rural,1267.0,23
C08557,33,F,urban,393.0,14
C08558,48,F,urban,465.0,11
C08559,54,F,urban,3259.0,17
C08560,68,M,urban,1588.0,5
C08561,18,M,rural,965.0,24
C08562,68,F,urban,1149.0,18
C08563,36,M,urban,485.0,12
C08564,24,F,rural,848.0,4
C08565,50,F,urban,457.0,10
C08566,58,M,urban,919.0,15
C08567,24,M,rural,1649.0,24
C08568,20,M,urban,1439.0,13
C08569,64,F,urban,2845.0,24
C08570,66,M,rural,1309.0,14
C08571,26,M,rural,248.0,20
C08572,65,F,rural,3535.0,5
C08573,65,F,rural,662.0,20
C08574,69,M,urban,1209.0,8
C08575,29,F,rural,1166.0,11
C08576,48,M,rural,1267.0,10
C08577,69,F,urban,1129.0,14
C08578,64,F,urban,1141.0,16
C08579,49,M,rural,496.0,10
C08580,28,M,urban,5178.0,4
C08581,22,M,urban,1621.0,16
C08582,31,F,urban,1131.0,12
C08583,21,F,rural,3311.0,21
C08584,28,M,urban,576.0,18
C08585,21,F,rural,1846.0,11
C08586,57,M,urban,786.0,4
C08587,48,F,rural,1396.0,14
C08588,44,F,urban,1415.0,20
C08589,60,M,urban,270.0,20
C08590,39,M,rural,465.0,10
C08591,38,F,rural,2841.0,7
C08592,28,F,urban,943.0,4
C08593,41,M,rural,3644.0,16
C08594,27,F,rural,2407.0,8
C08595,48,M,urban,961.0,20
C08596,69,M,rural,911.0,16
C08597,45,F,urban,2948.0,4
C08598,33,M,rural,3873.0,18
C08599,53,F,urban,923.0,8
C08600,60,F,rural,2760.0,22
C08601,42,M,rural,2035.0,3
C08602,31,M,rural,2256.0,11
C08603,55,M,urban,1165.0,3
C08604,27,M,rural,733.0,16
C08605,69,F,urban,583.0,13
C08606,34,M,urban,501.0,14
C08607,36,F,urban,3451.0,18
C08608,55,M,rural,1104.0,22
C08609,18,M,rural,552.0,11
C08610,28,F,rural,2001.0,15
C08611,24,M,urban,823.0,16
C08612,38,F,rural,742.0,22
C08613,46,F,rural,3793.0,7
C08614,27,F,rural,494.0,14
C08615,35,M,rural,1263.0,21
C08616,58,M,urban,769.0,9
C08617,66,F,rural,699.0,10
C08618,18,M,rural,456.0,12
C08619,50,F,rural,1137.0,18
C08620,19,F,urban,649.0,17
C08621,45,F,urban,1564.0,5
C08622,63,F,urban,1066.0,7
C08623,59,F,rural,909.0,20
C08624,30,M,urban,651.0,17
C08625,31,F,rural,2587.0,14
C08626,58,F,urban,1705.0,12
C08627,60,M,urban,729.0,24
C08628,32,F,urban,485.0,22
C08629,18,M,urban,353.0,11
C08630,41,M,urban,2170.0,10
C08631,50,F,rural,1892.0,22
C08632,41,F,rural,2055.0,10
C08633,66,M,urban,1020.0,12
C08634,60,F,urban,1779.0,23
C08635,58,M,rural,2031.0,5
C08636,19,M,urban,1052.0,18
C08637,62,M,rural,885.0,18
C08638,57,F,rural,610.0,11
C08639,38,M,rural,1416.0,7
C08640,48,M,urban,1534.0,21
C08641,60,F,rural,859.0,20
C08642,65,M,rural,922.0,21
C08643,46,M,urban,963.0,10
C08644,20,M,rural,1763.0,24
C08645,50,F,urban,481.0,19
C08646,53,F,urban,565.0,8
C08647,21,F,rural,572.0,13
C08648,60,M,urban,1003.0,9
C08649,28,M,urban,1325.0,14
C08650,64,F,urban,577.0,7
C08651,46,M,rural,1892.0,19
C08652,34,M,rural,2638.0,13
C08653,21,M,rural,1406.0,17
C08654,18,M,rural,2151.0,17
C08655,56,M,urban,633.0,17
C08656,37,F,rural,642.0,19
C08657,61,M,urban,1493.0,17
C08658,29,F,rural,1072.0,14
C08659,65,M,rural,642.0,15
C08660,66,F,rural,2579.0,16
C08661,23,F,rural,1312.0,20
C08662,51,F,rural,1671.0,13
C08663,66,M,urban,732.0,9
C08664,34,F,urban,3005.0,8
C08665,21,M,rural,999.0,6
C08666,63,F,rural,2021.0,16
C08667,42,F,rural,773.0,19
C08668,19,F,rural,1213.0,9
C08669,61,F,urban,1533.0,14
C08670,53,F,urban,3631.0,11
C08671,21,F,urban,842.0,22
C08672,31,M,rural,1238.0,22
C08673,18,M,rural,1564.0,24
C08674,67,F,rural,469.0,21
C08675,19,F,rural,297.0,22
C08676,59,M,rural,603.0,15
C08677,44,M,urban,1959.0,15
C08678,48,M,urban,3071.0,9
C08679,60,M,urban,630.0,19
C08680,64,M,rural,528.0,10
C08681,24,M,urban,2754.0,10
C08682,18,M,rural,781.0,23
C08683,24,F,urban,877.0,3
C08684,53,M,rural,2632.0,5
C08685,47,M,urban,2385.0,20
C08686,22,M,rural,1921.0,18
C08687,30,M,urban,393.0,20
C08688,45,M,rural,515.0,13
C08689,55,M,rural,2148.0,3
C08690,35,M,urban,1327.0,9
C08691,67,F,rural,688.0,21
C08692,69,M,rural,892.0,17
C08693,57,M,urban,2136.0,22
C08694,41,M,rural,2742.0,3
C08695,63,M,rural,1093.0,10
C08696,55,M,rural,726.0,18
C08697,45,M,rural,930.0,3
C08698,41,M,rural,2455.0,12
C08699,61,M,urban,2426.0,22
C08700,46,F,urban,1232.0,6
C08701,27,M,urban,798.0,4
C08702,69,M,rural,2100.0,17
C08703,21,M,urban,2904.0,8
C08704,54,M,urban,458.0,7
C08705,52,F,rural,954.0,14
C08706,48,M,urban,2194.0,16
C08707,20,M,urban,1146.0,20
C08708,43,F,rural,818.0,5
C08709,64,M,rural,1226.0,20
C08710,30,M,rural,1370.0,17
C08711,53,F,urban,558.0,17
C08712,62,F,rural,1158.0,8
C08713,67,M,rural,1367.0,21
C08714,44,F,urban,817.0,5
C08715,34,M,urban,687.0,18
C08716,54,F,urban,794.0,5
C08717,43,M,rural,612.0,17
C08718,50,F,urban,1827.0,12
C08719,56,M,rural,608.0,6
C08720,54,M,rural,1228.0,7
C08721,30,M,rural,876.0,12
C08722,57,F,urban,718.0,11
C08723,46,F,rural,2497.0,12
C08724,66,F,rural,1014.0,12
C08725,52,F,urban,734.0,3
C08726,64,M,rural,693.0,12
C08727,68,F,urban,1344.0,11
C08728,69,M,urban,1801.0,11
C08729,56,F,urban,2351.0,7
C08730,49,F,urban,992.0,7
C08731,24,M,urban,957.0,4
C08732,38,M,rural,1186.0,16
C08733,42,F,rural,1212.0,15
C08734,58,F,urban,690.0,20
C08735,48,F,rural,2637.0,8
C08736,40,M,rural,1111.0,11
C08737,25,M,urban,1511.0,7
C08738,55,F,urban,1415.0,23
C08739,40,F,urban,1397.0,20
C08740,19,M,rural,600.0,6
C08741,32,F,rural,1092.0,20
C08742,63,F,rural,4309.0,23
C08743,24,F,urban,2842.0,17
C08744,39,F,rural,1205.0,24
C08745,44,F,rural,880.0,7
C08746,22,F,urban,290.0,9
C08747,26,M,urban,814.0,16
C08748,66,M,urban,1046.0,14
C08749,48,F,rural,907.0,18
C08750,28,F,rural,945.0,24
C08751,26,M,urban,1593.0,8
C08752,40,F,rural,602.0,22
C08753,55,M,rural,1292.0,5
C08754,55,M,rural,1026.0,13
C08755,28,F,rural,646.0,12
C08756,55,F,rural,2994.0,20
C08757,64,M,urban,1718.0,12
C08758,29,M,urban,684.0,21
C08759,19,M,rural,1496.0,6
C08760,67,M,rural,476.0,24
C08761,45,M,urban,737.0,7
C08762,58,M,rural,2432.0,16
C08763,34,M,urban,1354.0,13
C08764,33,F,urban,1290.0,4
C08765,29,F,rural,1983.0,14
C08766,29,F,urban,1583.0,22
C08767,42,M,urban,935.0,14
C08768,23,M,urban,1923.0,18
C08769,61,M,rural,398.0,24
C08770,44,F,urban,735.0,9
C08771,65,M,urban,1035.0,3
C08772,44,F,urban,1523.0,18
C08773,33,M,urban,902.0,20
C08774,44,F,urban,376.0,6
C08775,26,M,urban,346.0,10
C08776,60,M,urban,1053.0,10
C08777,55,F,rural,823.0,19
C08778,25,M,urban,635.0,22
C08779,48,F,urban,575.0,19
C08780,45,M,rural,1188.0,9
C08781,28,F,urban,2396.0,16
C08782,24,F,urban,1188.0,8
C08783,57,M,rural,2415.0,16
C08784,31,F,rural,876.0,24
C08785,44,F,rural,1431.0,17
C08786,30,F,rural,2468.0,20
C08787,51,M,rural,998.0,19
C08788,20,M,urban,1114.0,13
C08789,36,F,urban,876.0,5
C08790,46,M,rural,1565.0,24
C08791,40,F,urban,1884.0,10
C08792,49,M,rural,1354.0,22
C08793,27,F,urban,956.0,21
C08794,40,M,urban,446.0,18
C08795,57,F,rural,1065.0,15
C08796,35,M,rural,977.0,9
C08797,26,M,rural,1263.0,6
C08798,62,M,urban,1176.0,22
C08799,58,F,urban,2817.0,24
C08800,53,M,rural,722.0,17
C08801,59,F,urban,426.0,24
C08802,58,M,rural,553.0,7
C08803,56,F,rural,750.0,14
C08804,44,F,urban,2099.0,6
C08805,19,M,urban,504.0,14
C08806,49,M,rural,546.0,22
C08807,32,M,urban,1406.0,9
C08808,58,F,urban,1825.0,12
C08809,42,F,rural,433.0,14
C08810,65,M,urban,379.0,13
C08811,48,F,rural,684.0,24
C08812,46,F,urban,1627.0,12
C08813,65,F,urban,1195.0,8
C08814,42,M,rural,699.0,10
C08815,37,F,urban,1709.0,9
C08816,37,M,rural,1182.0,9
C08817,63,F,urban,1028.0,22
C08818,57,M,rural,416.0,14
C08819,26,F,rural,691.0,11
C08820,43,F,rural,3548.0,6
C08821,37,F,rural,896.0,24
C08822,51,M,urban,618.0,6
C08823,20,F,urban,872.0,10
C08824,55,M,rural,1178.0,18
C08825,56,F,rural,1863.0,3
C08826,29,M,rural,1592.0,9
C08827,25,F,urban,731.0,23
C08828,50,M,urban,2352.0,3
C08829,31,M,urban,1788.0,8
C08830,66,M,urban,840.0,4
C08831,58,M,urban,1015.0,18
C08832,67,M,urban,1572.0,3
C08833,45,F,urban,2090.0,4
C08834,66,F,rural,441.0,13
C08835,18,F,rural,1144.0,19
C08836,33,F,urban,1076.0,22
C08837,18,M,rural,779.0,7
C08838,53,M,rural,776.0,15
C08839,44,M,urban,2064.0,20
C08840,32,M,rural,1511.0,19
C08841,33,F,rural,3882.0,24
C08842,51,F,rural,779.0,4
C08843,27,F,rural,1191.0,3
C08844,44,F,urban,1321.0,18
C08845,49,M,rural,1877.0,11
C08846,30,F,urban,2478.0,19
C08847,29,M,urban,1160.0,18
C08848,36,F,urban,569.0,12
C08849,48,M,urban,716.0,24
C08850,31,M,urban,1195.0,22
C08851,37,M,rural,2151.0,10
C08852,46,M,urban,460.0,3
C08853,27,M,urban,543.0,24
C08854,47,M,urban,1727.0,24
C08855,25,F,urban,505.0,22
C08856,25,F,rural,558.0,4
C08857,30,M,rural,2169.0,18
C08858,32,M,rural,960.0,24
C08859,19,F,rural,917.0,11
C08860,68,M,urban,2492.0,19
C08861,34,F,urban,580.0,14
C08862,59,M,rural,514.0,13
C08863,64,M,rural,2915.0,18
C08864,59,M,rural,1261.0,15
C08865,61,M,rural,1649.0,18
C08866,23,F,rural,910.0,7
C08867,37,F,urban,1029.0,9
C08868,56,M,urban,719.0,17
C08869,47,F,rural,1327.0,15
C08870,18,M,rural,1806.0,11
C08871,47,M,rural,1233.0,21
C08872,59,F,rural,2073.0,10
C08873,61,F,urban,1632.0,13
C08874,37,M,urban,585.0,9
C08875,30,M,rural,1005.0,15
C08876,34,M,rural,838.0,15
C08877,33,M,rural,1723.0,10
C08878,36,F,rural,1447.0,20
C08879,33,M,rural,1184.0,6
C08880,41,F,urban,2015.0,19
C08881,20,M,urban,358.0,4
C08882,32,M,urban,764.0,8
C08883,34,M,urban,804.0,11
C08884,25,M,rural,1275.0,12
C08885,63,F,rural,1528.0,16
C08886,53,F,rural,1096.0,23
C08887,65,F,urban,498.0,19
C08888,47,F,rural,1400.0,14
C08889,23,M,urban,1184.0,4
C08890,65,F,rural,454.0,24
C08891,41,F,urban,919.0,10
C08892,53,F,rural,1373.0,16
C08893,37,M,urban,2957.0,20
C08894,43,M,rural,571.0,18
C08895,43,F,rural,1762.0,5
C08896,32,M,rural,575.0,8
C08897,46,M,rural,512.0,24
C08898,56,M,urban,530.0,19
C08899,19,F,urban,1577.0,16
C08900,24,M,urban,1186.0,12
C08901,61,F,urban,908.0,23
C08902,47,F,urban,1443.0,18
C08903,68,M,rural,1124.0,19
C08904,49,M,rural,1172.0,23
C08905,51,F,urban,914.0,24
C08906,64,M,rural,592.0,21
C08907,52,M,rural,3025.0,17
C08908,35,M,urban,2541.0,8
C08909,45,M,rural,2847.0,8
C08910,30,F,rural,793.0,6
C08911,35,M,rural,728.0,20
C08912,53,F,rural,855.0,10
C08913,25,M,urban,2089.0,7
C08914,52,F,urban,1097.0,18
C08915,48,F,rural,792.0,15
C08916,34,M,urban,1364.0,8
C08917,20,F,urban,705.0,11
C08918,54,M,urban,486.0,13
C08919,60,F,rural,1185.0,20
C08920,55,F,urban,805.0,3
C08921,39,M,rural,1088.0,19
C08922,51,M,rural,219.0,4
C08923,39,F,urban,642.0,22
C08924,36,F,urban,1067.0,5
C08925,35,M,rural,441.0,8
C08926,28,M,rural,451.0,11
C08927,68,M,rural,1122.0,24
C08928,52,F,rural,1671.0,11
C08929,27,F,urban,642.0,20
C08930,62,F,rural,937.0,8
C08931,25,F,rural,950.0,11
C08932,48,F,rural,429.0,14
C08933,26,M,rural,2231.0,5
C08934,36,F,urban,983.0,3
C08935,52,M,rural,989.0,10
C08936,69,F,rural,1372.0,20
C08937,69,M,urban,430.0,5
C08938,64,F,rural,1904.0,21
C08939,30,F,urban,2060.0,16
C08940,22,F,rural,1193.0,9
C08941,65,M,rural,1447.0,5
C08942,66,F,urban,902.0,15
C08943,32,M,urban,1841.0,12
C08944,18,M,rural,669.0,5
C08945,51,F,urban,1076.0,17
C08946,21,F,urban,1115.0,21
C08947,20,M,rural,1071.0,12
C08948,66,F,urban,2083.0,12
C08949,43,M,rural,4076.0,22
C08950,23,F,urban,1027.0,11
C08951,52,F,urban,1454.0,8
C08952,37,F,urban,678.0,21
C08953,45,F,rural,2037.0,14
C08954,64,F,rural,804.0,23
C08955,30,F,urban,7238.0,23
C08956,51,M,urban,402.0,20
C08957,61,M,rural,3978.0,10
C08958,40,F,rural,1988.0,18
C08959,68,M,urban,559.0,13
C08960,41,F,urban,4410.0,19
C08961,41,M,rural,628.0,23
C08962,63,F,rural,908.0,19
C08963,51,M,rural,504.0,13
C08964,63,F,rural,1004.0,24
C08965,59,F,rural,1063.0,22
C08966,55,M,rural,1804.0,8
C08967,30,F,rural,4736.0,23
C08968,38,M,rural,806.0,13
C08969,62,F,urban,210.0,8
C08970,50,F,rural,1618.0,9
C08971,32,M,urban,788.0,20
C08972,35,M,rural,3265.0,11
C08973,58,M,rural,1074.0,17
C08974,27,M,rural,695.0,12
C08975,23,F,urban,597.0,24
C08976,57,M,rural,1594.0,6
C08977,32,F,urban,930.0,15
C08978,57,F,urban,2646.0,10
C08979,45,F,rural,966.0,20
C08980,69,F,urban,2563.0,23
C08981,45,M,rural,479.0,10
C08982,63,F,rural,386.0,22
C08983,62,F,rural,1804.0,16
C08984,29,F,rural,830.0,4
C08985,69,M,urban,936.0,20
C08986,56,M,rural,597.0,15
C08987,23,F,urban,572.0,24
C08988,18,F,rural,1606.0,13
C08989,32,M,rural,1084.0,8
C08990,18,F,rural,580.0,6
C08991,36,M,rural,1762.0,4
C08992,69,F,rural,2219.0,18
C08993,42,M,rural,1027.0,24
C08994,19,M,rural,2002.0,17
C08995,43,M,urban,601.0,16
C08996,29,M,urban,1550.0,3
C08997,62,M,rural,1208.0,3
C08998,22,M,urban,682.0,13
C08999,58,M,urban,3759.0,14
C09000,41,F,rural,1261.0,12
C09001,18,F,rural,769.0,23
C09002,53,F,urban,1110.0,10
C09003,41,M,urban,651.0,24
C09004,58,M,urban,548.0,8
C09005,50,F,urban,837.0,10
C09006,58,F,urban,872.0,9
C09007,41,F,rural,677.0,20
C09008,18,F,urban,2323.0,10
C09009,24,F,rural,693.0,13
C09010,41,F,rural,627.0,5
C09011,38,M,urban,538.0,11
C09012,59,F,rural,508.0,7
C09013,39,F,urban,2031.0,19
C09014,62,F,rural,1280.0,20
C09015,27,M,rural,1659.0,8
C09016,38,M,rural,2020.0,24
C09017,57,M,urban,898.0,12
C09018,24,M,urban,2653.0,21
C09019,34,F,urban,753.0,8
C09020,57,F,rural,568.0,21
C09021,48,M,urban,1372.0,6
C09022,58,F,rural,1196.0,10
C09023,44,M,urban,1195.0,11
C09024,62,F,urban,2017.0,7
C09025,63,M,urban,1169.0,24
C09026,68,M,urban,1323.0,9
C09027,24,F,rural,2479.0,12
C09028,48,F,urban,1287.0,3
C09029,23,F,urban,1475.0,18
C09030,29,M,rural,468.0,6
C09031,33,F,urban,10214.0,9
C09032,51,M,rural,422.0,23
C09033,40,M,rural,793.0,22
C09034,62,F,rural,779.0,5
C09035,33,F,urban,3885.0,16
C09036,50,F,urban,765.0,19
C09037,57,M,rural,1430.0,23
C09038,68,F,rural,782.0,8
C09039,30,M,urban,588.0,10
C09040,56,F,urban,1544.0,8
C09041,22,F,urban,712.0,14
C09042,46,F,rural,1242.0,16
C09043,39,F,urban,1597.0,7
C09044,67,F,rural,3443.0,3
C09045,58,M,urban,514.0,5
C09046,66,F,rural,1001.0,7
C09047,62,F,urban,1026.0,15
C09048,39,M,urban,1097.0,7
C09049,56,M,urban,5122.0,20
C09050,19,M,urban,988.0,17
C09051,47,F,rural,242.0,7
C09052,20,F,rural,974.0,24
C09053,55,F,urban,1021.0,18
C09054,68,M,rural,949.0,22
C09055,53,M,urban,713.0,17
C09056,61,M,urban,496.0,17
C09057,30,M,urban,4007.0,13
C09058,69,M,rural,1327.0,17
C09059,46,M,rural,977.0,19
C09060,53,M,urban,3931.0,24
C09061,58,M,rural,651.0,16
C09062,51,F,urban,1574.0,19
C09063,34,M,urban,518.0,23
C09064,49,M,rural,1721.0,16
C09065,52,F,rural,555.0,19
C09066,62,F,rural,1454.0,7
C09067,43,F,urban,3540.0,22
C09068,44,F,urban,1160.0,24
C09069,44,F,rural,294.0,10
C09070,23,F,rural,1120.0,22
C09071,22,F,urban,1463.0,20
C09072,19,M,urban,1883.0,8
C09073,52,F,rural,2655.0,24
C09074,39,M,urban,2737.0,15
C09075,63,M,rural,1014.0,6
C09076,54,M,rural,738.0,5
C09077,25,M,urban,561.0,14
C09078,23,M,rural,793.0,14
C09079,37,F,rural,1460.0,21
C09080,65,M,rural,488.0,14
C09081,20,M,rural,629.0,11
C09082,27,M,rural,1537.0,9
C09083,19,M,urban,744.0,14
C09084,39,F,urban,1369.0,8
C09085,69,M,rural,673.0,19
C09086,53,M,urban,1303.0,5
C09087,43,M,rural,690.0,21
C09088,25,M,urban,350.0,7
C09089,36,M,urban,1946.0,7
C09090,45,M,urban,722.0,24
C09091,32,F,rural,945.0,11
C09092,54,F,rural,724.0,17
C09093,68,F,rural,1520.0,11
C09094,28,M,urban,1339.0,24
C09095,31,M,rural,1518.0,6
C09096,24,F,rural,789.0,13
C09097,55,M,urban,1064.0,5
C09098,42,F,rural,1408.0,15
C09099,32,M,rural,2771.0,19
C09100,29,M,urban,1318.0,13
C09101,21,M,urban,601.0,21
C09102,42,F,rural,1288.0,19
C09103,53,F,urban,993.0,23
C09104,30,F,rural,331.0,24
C09105,18,M,rural,362.0,24
C09106,42,F,urban,1054.0,12
C09107,53,M,urban,1108.0,24
C09108,35,M,rural,919.0,17
C09109,31,F,urban,1864.0,4
C09110,26,F,urban,626.0,4
C09111,56,M,urban,477.0,11
C09112,62,M,rural,668.0,15
C09113,58,M,urban,761.0,4
C09114,44,M,urban,1059.0,15
C09115,55,M,rural,680.0,17
C09116,38,F,urban,303.0,18
C09117,19,M,rural,235.0,24
C09118,37,F,urban,1181.0,11
C09119,54,M,rural,557.0,3
C09120,51,M,urban,329.0,24
C09121,69,M,urban,1596.0,14
C09122,69,M,urban,2771.0,16
C09123,30,M,rural,1036.0,14
C09124,18,F,rural,1288.0,13
C09125,32,F,urban,1295.0,6
C09126,63,M,urban,274.0,15
C09127,60,F,urban,1869.0,21
C09128,23,F,urban,2308.0,5
C09129,26,M,urban,3301.0,11
C09130,47,F,rural,843.0,23
C09131,52,F,urban,555.0,12
C09132,69,F,rural,2478.0,6
C09133,57,F,urban,1479.0,24
C09134,29,F,rural,1853.0,6
C09135,19,M,urban,744.0,8
C09136,50,F,urban,1291.0,13
C09137,46,F,rural,583.0,11
C09138,65,M,urban,1093.0,12
C09139,47,F,rural,890.0,19
C09140,44,M,rural,4474.0,15
C09141,33,M,rural,1524.0,13
C09142,22,F,rural,302.0,18
C09143,63,F,urban,1096.0,16
C09144,60,F,urban,1368.0,16
C09145,26,F,rural,825.0,13
C09146,54,M,urban,566.0,15
C09147,36,F,rural,1630.0,9
C09148,40,F,urban,616.0,12
C09149,62,F,rural,1549.0,6
C09150,61,M,urban,586.0,4
C09151,27,M,urban,796.0,21
C09152,33,F,rural,1946.0,20
C09153,60,M,rural,1471.0,9
C09154,65,M,urban,1118.0,13
C09155,22,F,urban,1077.0,24
C09156,61,F,rural,1158.0,14
C09157,43,F,urban,682.0,3
C09158,48,F,rural,441.0,15
C09159,21,F,rural,1543.0,22
C09160,53,M,urban,2746.0,8
C09161,53,F,urban,1576.0,23
C09162,52,F,urban,1277.0,19
C09163,59,F,urban,531.0,4
C09164,67,M,rural,1856.0,24
C09165,62,M,urban,1464.0,16
C09166,56,F,rural,1730.0,7
C09167,69,F,rural,2039.0,20
C09168,53,M,urban,2840.0,21
C09169,52,F,rural,562.0,16
C09170,46,F,urban,506.0,24
C09171,57,M,urban,1199.0,22
C09172,21,F,rural,630.0,9
C09173,44,F,urban,568.0,5
C09174,40,M,urban,2280.0,20
C09175,65,M,urban,599.0,23
C09176,21,M,urban,1089.0,9
C09177,51,F,rural,412.0,15
C09178,27,M,rural,1139.0,14
C09179,63,M,rural,2230.0,10
C09180,62,M,rural,2271.0,14
C09181,30,F,rural,2053.0,14
C09182,63,F,urban,1046.0,24
C09183,43,M,rural,2136.0,10
C09184,68,F,urban,1419.0,6
C09185,55,M,urban,843.0,13
C09186,19,M,rural,1379.0,6
C09187,28,M,rural,1866.0,6
C09188,38,F,rural,494.0,16
C09189,28,F,urban,580.0,21
C09190,24,M,rural,1006.0,5
C09191,68,F,urban,527.0,11
C09192,63,F,urban,522.0,7
C09193,40,F,rural,852.0,13
C09194,29,F,urban,1989.0,15
C09195,27,F,rural,1966.0,23
C09196,65,M,rural,1330.0,22
C09197,35,M,rural,1222.0,22
C09198,18,F,urban,3837.0,12
C09199,38,F,urban,793.0,20
C09200,41,M,rural,1267.0,9
C09201,50,F,rural,770.0,3
C09202,35,F,rural,507.0,23
C09203,65,F,urban,2233.0,22
C09204,51,F,urban,913.0,6
C09205,69,M,rural,1664.0,7
C09206,37,F,rural,946.0,22
C09207,51,F,rural,2317.0,12
C09208,36,M,urban,603.0,20
C09209,54,M,urban,2205.0,22
C09210,56,F,rural,1875.0,15
C09211,34,M,rural,374.0,5
C09212,66,M,urban,804.0,16
C09213,62,M,urban,2023.0,5
C09214,64,M,rural,2929.0,18
C09215,29,M,urban,1685.0,15
C09216,55,F,urban,864.0,12
C09217,23,F,rural,613.0,13
C09218,23,F,urban,1541.0,24
C09219,68,M,rural,849.0,11
C09220,25,M,urban,871.0,21
C09221,62,M,rural,959.0,20
C09222,40,F,rural,1861.0,24
C09223,33,F,rural,3242.0,22
C09224,21,M,rural,2031.0,16
C09225,53,F,rural,1103.0,24
C09226,55,M,urban,639.0,18
C09227,42,M,urban,1637.0,5
C09228,60,F,urban,2979.0,5
C09229,34,M,rural,2002.0,17
C09230,46,F,urban,1242.0,14
C09231,32,M,urban,818.0,22
C09232,48,F,rural,1349.0,14
C09233,25,M,rural,2192.0,8
C09234,42,M,urban,1261.0,21
C09235,46,M,urban,1031.0,13
C09236,46,F,rural,726.0,23
C09237,41,F,rural,5186.0,3
C09238,51,F,rural,643.0,3
C09239,44,M,urban,608.0,5
C09240,32,M,rural,1210.0,24
C09241,29,M,urban,972.0,5
C09242,51,F,urban,2026.0,18
C09243,66,M,urban,2068.0,18
C09244,57,M,urban,529.0,22
C09245,51,F,rural,697.0,16
C09246,65,F,rural,649.0,3
C09247,64,M,rural,1756.0,3
C09248,44,M,rural,1418.0,3
C09249,23,M,urban,878.0,16
C09250,50,F,rural,1249.0,12
C09251,50,M,rural,558.0,4
C09252,32,F,rural,702.0,3
C09253,62,M,urban,503.0,7
C09254,63,F,rural,1197.0,13
C09255,35,F,rural,1194.0,22
C09256,42,M,urban,608.0,21
C09257,28,M,rural,1412.0,12
C09258,27,M,urban,2068.0,9
C09259,31,F,urban,591.0,20
C09260,37,M,rural,902.0,23
C09261,32,F,rural,1492.0,9
C09262,25,M,rural,1092.0,13
C09263,41,M,rural,481.0,5
C09264,50,F,rural,842.0,5
C09265,34,F,urban,825.0,22
C09266,45,F,urban,990.0,7
C09267,32,F,rural,1016.0,6
C09268,54,F,urban,2806.0,10
C09269,51,M,rural,968.0,10
C09270,67,F,rural,391.0,7
C09271,20,F,urban,1158.0,18
C09272,62,F,urban,3130.0,15
C09273,35,F,urban,992.0,16
C09274,21,M,rural,843.0,24
C09275,53,F,rural,913.0,23
C09276,26,F,rural,1557.0,9
C09277,27,M,rural,911.0,24
C09278,68,F,rural,442.0,17
C09279,29,M,urban,733.0,6
C09280,46,M,urban,1055.0,10
C09281,28,M,urban,1512.0,7
C09282,24,F,rural,773.0,20
C09283,18,F,urban,918.0,17
C09284,18,M,urban,1127.0,20
C09285,42,M,urban,688.0,6
C09286,40,F,urban,1038.0,14
C09287,20,M,rural,1451.0,14
C09288,36,M,rural,538.0,17
C09289,32,M,urban,1318.0,11
C09290,47,F,rural,570.0,4
C09291,69,M,urban,577.0,22
C09292,53,F,urban,737.0,12
C09293,65,F,urban,2488.0,23
C09294,27,M,rural,392.0,12
C09295,29,F,rural,830.0,8
C09296,57,M,rural,1079.0,13
C09297,34,M,rural,2209.0,5
C09298,62,M,urban,3529.0,15
C09299,42,F,rural,851.0,24
C09300,28,F,rural,1516.0,8
C09301,61,F,urban,1036.0,6
C09302,46,F,urban,1032.0,6
C09303,59,M,urban,1292.0,6
C09304,41,F,urban,424.0,11
C09305,24,M,urban,1066.0,8
C09306,53,M,urban,1437.0,18
C09307,24,F,rural,655.0,10
C09308,52,M,rural,1443.0,10
C09309,39,M,rural,389.0,6
C09310,59,M,rural,1160.0,15
C09311,63,M,rural,2454.0,10
C09312,39,F,urban,962.0,18
C09313,63,M,rural,610.0,3
C09314,23,F,rural,466.0,17
C09315,23,M,rural,1386.0,20
C09316,69,F,rural,1914.0,18
C09317,47,F,urban,1060.0,8
C09318,41,F,rural,830.0,18
C09319,26,M,urban,344.0,20
C09320,33,F,urban,1181.0,14
C09321,53,F,rural,725.0,17
C09322,60,F,rural,751.0,20
C09323,65,M,urban,2892.0,13
C09324,39,M,urban,372.0,6
C09325,41,F,rural,403.0,24
C09326,26,M,urban,1260.0,10
C09327,22,M,rural,870.0,11
C09328,40,F,rural,803.0,16
C09329,48,M,rural,1292.0,6
C09330,23,M,urban,1279.0,10
C09331,39,F,rural,611.0,15
C09332,51,M,rural,769.0,19
C09333,60,M,urban,1130.0,6
C09334,66,M,rural,1212.0,21
C09335,35,M,rural,1466.0,9
C09336,38,M,urban,773.0,23
C09337,63,F,rural,1350.0,22
C09338,54,M,rural,1940.0,18
C09339,32,M,rural,1128.0,22
C09340,53,F,rural,1031.0,6
C09341,26,M,urban,952.0,13
C09342,41,M,rural,757.0,6
C09343,33,M,rural,625.0,13
C09344,69,M,urban,917.0,15
C09345,19,M,urban,1437.0,15
C09346,62,M,rural,643.0,4
C09347,32,F,rural,1048.0,4
C09348,19,F,urban,978.0,24
C09349,52,F,urban,3187.0,8
C09350,53,M,rural,1692.0,13
C09351,25,F,urban,1676.0,15
C09352,19,F,rural,1905.0,6
C09353,23,M,rural,790.0,10
C09354,39,F,rural,2505.0,16
C09355,24,F,urban,1207.0,7
C09356,54,M,rural,1068.0,20
C09357,22,F,rural,529.0,17
C09358,59,M,rural,862.0,24
C09359,63,M,urban,380.0,15
C09360,55,M,rural,945.0,20
C09361,67,M,rural,776.0,10
C09362,66,F,rural,863.0,18
C09363,20,F,urban,477.0,23
C09364,35,M,rural,1673.0,21
C09365,57,F,urban,1565.0,20
C09366,35,F,urban,3023.0,12
C09367,56,F,rural,2972.0,16
C09368,58,F,rural,1204.0,16
C09369,69,F,rural,2026.0,7
C09370,35,F,urban,1283.0,8
C09371,36,M,urban,849.0,17
C09372,19,F,urban,928.0,17
C09373,32,M,urban,1609.0,18
C09374,32,M,rural,12743.0,16
C09375,41,M,urban,2209.0,15
C09376,39,M,urban,1271.0,14
C09377,62,F,rural,1466.0,17
C09378,58,F,urban,1458.0,10
C09379,55,M,urban,1039.0,6
C09380,18,F,rural,1727.0,17
C09381,42,M,urban,999.0,10
C09382,55,F,rural,598.0,19
C09383,30,M,rural,1464.0,22
C09384,40,M,rural,1586.0,11
C09385,55,F,urban,1005.0,6
C09386,59,M,urban,1321.0,3
C09387,62,M,rural,1952.0,15
C09388,40,M,urban,1063.0,22
C09389,38,M,urban,839.0,22
C09390,37,F,urban,717.0,22
C09391,52,M,urban,942.0,3
C09392,39,M,urban,2754.0,4
C09393,38,F,rural,974.0,24
C09394,26,F,rural,1361.0,17
C09395,42,M,rural,903.0,22
C09396,30,F,urban,857.0,24
C09397,45,M,urban,647.0,18
C09398,64,M,rural,1165.0,11
C09399,58,F,rural,804.0,18
C09400,42,M,rural,2355.0,16
C09401,68,M,urban,1028.0,22
C09402,68,F,urban,1068.0,21
C09403,41,F,rural,984.0,6
C09404,57,F,urban,1370.0,22
C09405,35,F,urban,2683.0,18
C09406,63,M,urban,588.0,19
C09407,37,F,urban,1296.0,10
C09408,31,M,rural,428.0,13
C09409,24,F,rural,2285.0,22
C09410,61,M,rural,1028.0,6
C09411,33,M,urban,447.0,14
C09412,60,M,rural,510.0,24
C09413,22,F,rural,1787.0,19
C09414,44,M,rural,404.0,6
C09415,40,F,rural,1296.0,6
C09416,40,F,rural,848.0,14
C09417,26,F,urban,976.0,8
C09418,21,M,rural,732.0,22
C09419,36,M,rural,619.0,21
C09420,42,F,rural,819.0,23
C09421,59,F,rural,1546.0,11
C09422,42,M,urban,920.0,9
C09423,30,F,rural,1412.0,14
C09424,31,M,urban,948.0,5
C09425,49,M,rural,1582.0,18
C09426,40,M,urban,1407.0,22
C09427,64,M,urban,793.0,6
C09428,40,M,rural,619.0,7
C09429,47,F,rural,1946.0,9
C09430,21,M,rural,673.0,20
C09431,28,F,urban,1481.0,10
C09432,62,F,urban,1117.0,19
C09433,35,F,urban,831.0,23
C09434,39,M,urban,1419.0,12
C09435,48,F,rural,2492.0,6
C09436,21,M,rural,1596.0,23
C09437,44,F,urban,1185.0,11
C09438,36,M,rural,2901.0,16
C09439,25,F,urban,402.0,24
C09440,39,M,urban,563.0,22
C09441,41,F,urban,830.0,21
C09442,27,M,urban,2570.0,10
C09443,46,M,rural,1931.0,17
C09444,56,F,rural,392.0,10
C09445,31,M,rural,844.0,15
C09446,68,F,rural,496.0,10
C09447,49,F,rural,1070.0,21
C09448,58,F,rural,1884.0,19
C09449,21,F,rural,1969.0,23
C09450,57,F,rural,1288.0,8
C09451,35,F,rural,850.0,23
C09452,54,M,urban,1036.0,8
C09453,59,F,urban,1652.0,17
C09454,31,F,rural,4484.0,6
C09455,31,M,rural,539.0,19
C09456,21,M,rural,2845.0,20
C09457,49,M,rural,1270.0,20
C09458,58,F,rural,1794.0,9
C09459,39,M,rural,1225.0,20
C09460,26,F,rural,2547.0,6
C09461,34,F,urban,1336.0,19
C09462,38,F,rural,743.0,13
C09463,65,M,urban,1437.0,6
C09464,24,F,urban,2156.0,24
C09465,35,F,rural,1097.0,19
C09466,51,M,urban,316.0,6
C09467,30,M,rural,1024.0,11
C09468,64,M,rural,1163.0,19
C09469,65,F,rural,1067.0,7
C09470,37,M,urban,815.0,13
C09471,56,M,rural,2426.0,5
C09472,57,M,rural,264.0,3
C09473,53,M,rural,1160.0,8
C09474,27,M,rural,1170.0,18
C09475,20,F,rural,3854.0,14
C09476,36,M,rural,1087.0,9
C09477,24,F,rural,1433.0,8
C09478,33,M,rural,1182.0,20
C09479,51,M,urban,1161.0,17
C09480,48,F,rural,3158.0,21
C09481,28,F,urban,563.0,24
C09482,18,F,urban,735.0,16
C09483,29,M,urban,1724.0,3
C09484,41,M,urban,1279.0,23
C09485,58,F,urban,925.0,5
C09486,36,M,rural,1051.0,18
C09487,32,F,rural,1898.0,8
C09488,46,M,rural,1467.0,19
C09489,21,M,urban,715.0,20
C09490,29,F,rural,1265.0,20
C09491,19,F,urban,1064.0,8
C09492,45,F,rural,1454.0,17
C09493,41,F,urban,904.0,7
C09494,48,M,rural,531.0,22
C09495,50,F,rural,1642.0,6
C09496,38,F,urban,1524.0,21
C09497,63,M,urban,2564.0,6
C09498,65,M,urban,498.0,9
C09499,23,F,urban,1051.0,18
C09500,65,M,rural,955.0,24
C09501,28,F,rural,865.0,18
C09502,30,M,rural,435.0,10
C09503,45,F,rural,578.0,9
C09504,19,F,urban,1290.0,16
C09505,36,F,rural,813.0,12
C09506,28,F,rural,668.0,7
C09507,43,M,urban,2587.0,16
C09508,60,F,rural,4556.0,12
C09509,66,F,rural,1060.0,24
C09510,29,F,rural,445.0,3
C09511,46,F,rural,1391.0,19
C09512,42,F,rural,314.0,20
C09513,39,F,rural,488.0,20
C09514,50,F,rural,1406.0,18
C09515,69,F,urban,478.0,24
C09516,39,F,rural,918.0,9
C09517,21,M,rural,450.0,11
C09518,65,M,rural,1134.0,23
C09519,66,F,rural,2152.0,4
C09520,34,M,urban,759.0,21
C09521,44,M,urban,1084.0,19
C09522,62,M,rural,672.0,15
C09523,44,F,rural,701.0,5
C09524,43,F,rural,666.0,16
C09525,65,F,rural,1757.0,12
C09526,61,F,urban,470.0,4
C09527,44,F,rural,899.0,19
C09528,26,M,urban,1402.0,20
C09529,40,M,rural,1893.0,15
C09530,53,M,rural,1428.0,6
C09531,32,M,urban,1050.0,11
C09532,45,F,rural,780.0,14
C09533,52,M,rural,1911.0,14
C09534,22,F,rural,652.0,16
C09535,47,F,urban,658.0,8
C09536,56,M,rural,2469.0,20
C09537,29,F,rural,1361.0,4
C09538,46,F,urban,1390.0,24
C09539,54,F,rural,1570.0,12
C09540,20,F,urban,1036.0,21
C09541,51,F,rural,463.0,4
C09542,31,F,urban,1275.0,17
C09543,38,F,rural,1085.0,24
C09544,51,M,rural,655.0,24
C09545,18,F,rural,571.0,12
C09546,18,M,urban,1066.0,11
C09547,41,M,urban,486.0,22
C09548,67,M,rural,1006.0,17
C09549,18,M,rural,936.0,23
C09550,59,M,urban,1021.0,8
C09551,21,M,urban,1396.0,12
C09552,43,M,rural,1593.0,9
C09553,40,F,urban,716.0,12
C09554,42,F,rural,1848.0,22
C09555,22,F,rural,961.0,22
C09556,57,M,urban,3140.0,16
C09557,32,F,urban,772.0,3
C09558,58,M,rural,417.0,12
C09559,52,M,urban,1808.0,13
C09560,46,M,rural,1416.0,18
C09561,34,F,urban,2255.0,8
C09562,51,F,rural,1321.0,15
C09563,69,F,rural,4465.0,19
C09564,66,F,rural,979.0,15
C09565,65,M,urban,2054.0,21
C09566,29,F,rural,800.0,8
C09567,48,M,rural,1473.0,16
C09568,38,M,urban,1647.0,13
C09569,68,F,rural,1807.0,11
C09570,67,F,rural,1747.0,12
C09571,63,M,urban,157.0,15
C09572,26,M,rural,1052.0,14
C09573,34,M,urban,777.0,15
C09574,54,M,urban,874.0,24
C09575,56,M,urban,925.0,16
C09576,36,F,urban,1971.0,15
C09577,25,M,urban,1238.0,23
C09578,25,M,urban,809.0,8
C09579,53,M,rural,454.0,8
C09580,41,F,rural,2751.0,5
C09581,43,M,urban,744.0,7
C09582,60,M,rural,1014.0,4
C09583,18,F,rural,3957.0,7
C09584,57,F,rural,756.0,17
C09585,32,M,rural,929.0,18
C09586,66,F,urban,1261.0,17
C09587,67,M,urban,418.0,22
C09588,44,F,urban,390.0,21
C09589,34,M,urban,821.0,10
C09590,30,F,rural,839.0,7
C09591,27,F,urban,1189.0,12
C09592,69,F,rural,610.0,23
C09593,27,F,rural,1423.0,24
C09594,41,M,rural,301.0,7
C09595,42,F,rural,1051.0,6
C09596,53,M,rural,1361.0,19
C09597,61,M,rural,1336.0,22
C09598,47,M,rural,995.0,23
C09599,57,F,urban,738.0,24
C09600,47,F,urban,977.0,9
C09601,40,F,urban,2299.0,20
C09602,26,F,rural,765.0,17
C09603,28,F,rural,1972.0,10
C09604,40,F,urban,2170.0,3
C09605,20,F,urban,387.0,17
C09606,34,M,rural,1015.0,10
C09607,42,M,urban,610.0,9
C09608,42,F,urban,445.0,3
C09609,60,F,urban,1764.0,5
C09610,68,M,urban,1457.0,7
C09611,55,M,rural,1284.0,5
C09612,22,M,urban,572.0,23
C09613,39,M,urban,1244.0,3
C09614,55,F,rural,500.0,11
C09615,48,M,rural,1149.0,24
C09616,41,M,rural,737.0,5
C09617,40,F,rural,2060.0,17
C09618,39,M,urban,882.0,8
C09619,48,M,urban,1260.0,10
C09620,27,F,urban,1261.0,12
C09621,44,M,urban,1048.0,15
C09622,28,F,urban,1168.0,19
C09623,53,F,rural,1316.0,16
C09624,62,F,urban,640.0,3
C09625,44,M,urban,1397.0,7
C09626,38,F,rural,1841.0,16
C09627,66,F,urban,1392.0,9
C09628,52,F,rural,887.0,4
C09629,40,M,urban,1218.0,15
C09630,19,M,rural,882.0,9
C09631,18,M,rural,1021.0,21
C09632,29,F,rural,538.0,22
C09633,30,F,rural,2510.0,5
C09634,55,M,urban,3503.0,20
C09635,44,F,urban,719.0,21
C09636,69,F,urban,1758.0,17
C09637,46,F,urban,2630.0,16
C09638,64,M,rural,617.0,13
C09639,46,F,urban,300.0,13
C09640,36,F,urban,2725.0,4
C09641,55,F,rural,1090.0,6
C09642,41,F,urban,803.0,18
C09643,32,F,rural,1128.0,15
C09644,42,M,urban,879.0,6
C09645,52,F,rural,6475.0,10
C09646,37,M,urban,798.0,17
C09647,54,F,rural,1335.0,7
C09648,68,F,rural,2381.0,7
C09649,39,F,rural,2374.0,22
C09650,33,F,rural,2117.0,13
C09651,38,M,rural,849.0,13
C09652,61,M,urban,1001.0,4
C09653,27,F,rural,297.0,4
C09654,68,M,rural,1049.0,17
C09655,39,M,rural,1118.0,9
C09656,61,F,rural,1711.0,9
C09657,58,M,rural,3221.0,6
C09658,58,M,urban,1680.0,19
C09659,65,M,urban,2085.0,23
C09660,27,F,urban,1085.0,8
C09661,48,M,rural,2370.0,8
C09662,23,F,rural,1104.0,20
C09663,33,M,urban,2174.0,14
C09664,20,M,rural,1777.0,20
C09665,53,M,urban,1388.0,19
C09666,49,M,urban,435.0,20
C09667,56,F,rural,2113.0,6
C09668,27,M,rural,1376.0,14
C09669,35,M,urban,1672.0,12
C09670,53,M,rural,1324.0,22
C09671,60,M,rural,1468.0,17
C09672,64,M,rural,2393.0,19
C09673,21,M,rural,825.0,22
C09674,38,F,urban,1452.0,18
C09675,18,M,urban,688.0,17
C09676,60,F,urban,1550.0,14
C09677,24,F,rural,1275.0,4
C09678,60,M,urban,751.0,18
C09679,26,F,rural,1160.0,10
C09680,18,F,rural,780.0,5
C09681,63,F,rural,874.0,10
C09682,40,F,urban,1357.0,10
C09683,40,F,rural,1288.0,11
C09684,51,M,urban,346.0,9
C09685,32,F,rural,1370.0,23
C09686,53,M,rural,914.0,22
C09687,40,F,urban,855.0,3
C09688,32,F,rural,558.0,13
C09689,38,F,rural,1067.0,9
C09690,18,F,rural,801.0,21
C09691,33,M,urban,2355.0,13
C09692,48,F,urban,384.0,16
C09693,25,M,urban,615.0,4
C09694,24,F,rural,591.0,18
C09695,52,F,urban,1281.0,13
C09696,40,M,rural,2217.0,22
C09697,25,F,rural,1483.0,5
C09698,56,M,urban,569.0,9
C09699,58,M,rural,848.0,21
C09700,19,F,urban,675.0,8
C09701,28,F,urban,1487.0,8
C09702,37,F,urban,837.0,9
C09703,56,M,rural,470.0,14
C09704,21,M,rural,1557.0,4
C09705,59,M,urban,2340.0,16
C09706,34,M,urban,985.0,20
C09707,24,M,urban,1179.0,9
C09708,62,M,rural,444.0,6
C09709,22,F,urban,319.0,10
C09710,24,M,rural,362.0,17
C09711,67,F,rural,1068.0,14
C09712,45,F,urban,912.0,16
C09713,42,M,rural,1522.0,20
C09714,53,F,rural,974.0,23
C09715,50,M,rural,1984.0,12
C09716,49,M,rural,1851.0,19
C09717,19,F,rural,904.0,13
C09718,46,M,rural,601.0,6
C09719,32,M,urban,347.0,16
C09720,59,F,rural,2592.0,23
C09721,44,M,urban,623.0,12
C09722,24,F,urban,447.0,14
C09723,64,F,rural,1185.0,18
C09724,32,M,urban,449.0,21
C09725,32,F,urban,1185.0,3
C09726,66,M,urban,896.0,4
C09727,58,M,rural,1909.0,13
C09728,62,F,rural,1812.0,5
C09729,52,M,urban,2126.0,23
C09730,65,F,rural,1241.0,18
C09731,23,M,rural,655.0,16
C09732,49,M,urban,589.0,15
C09733,33,F,rural,798.0,13
C09734,38,F,urban,3628.0,4
C09735,30,M,rural,944.0,19
C09736,28,F,rural,1208.0,13
C09737,41,M,urban,2728.0,11
C09738,65,M,rural,1278.0,12
C09739,51,F,urban,700.0,13
C09740,36,F,rural,1700.0,23
C09741,40,M,urban,848.0,7
C09742,45,F,rural,1304.0,6
C09743,30,M,rural,1491.0,5
C09744,45,F,urban,815.0,16
C09745,54,F,rural,1226.0,3
C09746,30,M,urban,2864.0,20
C09747,48,M,rural,753.0,19
C09748,54,F,rural,2417.0,18
C09749,45,F,urban,769.0,13
C09750,33,M,urban,3233.0,12
C09751,46,M,urban,656.0,23
C09752,59,M,rural,866.0,21
C09753,29,F,rural,2711.0,6
C09754,47,F,urban,2783.0,8
C09755,53,F,urban,1792.0,8
C09756,34,M,rural,573.0,13
C09757,38,F,urban,1152.0,17
C09758,64,M,urban,1097.0,7
C09759,36,M,rural,656.0,4
C09760,49,M,urban,1666.0,11
C09761,25,M,rural,688.0,14
C09762,66,F,urban,506.0,17
C09763,49,M,rural,415.0,5
C09764,57,M,urban,3064.0,18
C09765,49,F,urban,807.0,6
C09766,36,M,urban,818.0,9
C09767,35,M,rural,591.0,14
C09768,54,M,rural,2492.0,5
C09769,62,M,urban,479.0,15
C09770,24,M,rural,532.0,3
C09771,61,F,urban,904.0,7
C09772,61,M,urban,1083.0,15
C09773,23,M,urban,1628.0,8
C09774,23,F,rural,731.0,12
C09775,54,M,urban,2770.0,9
C09776,61,F,urban,734.0,14
C09777,38,M,rural,599.0,6
C09778,51,F,rural,566.0,6
C09779,69,M,urban,689.0,24
C09780,34,F,rural,544.0,10
C09781,29,F,urban,1721.0,18
C09782,69,F,rural,602.0,3
C09783,32,F,urban,1013.0,5
C09784,42,M,rural,591.0,20
C09785,40,M,rural,542.0,10
C09786,45,F,urban,2130.0,9
C09787,31,F,urban,2869.0,6
C09788,53,M,urban,2348.0,8
C09789,53,F,rural,454.0,8
C09790,28,F,rural,493.0,20
C09791,43,F,rural,3594.0,23
C09792,20,F,rural,941.0,3
C09793,29,F,rural,481.0,6
C09794,69,M,rural,2099.0,16
C09795,44,F,rural,1142.0,22
C09796,50,M,urban,1543.0,9
C09797,64,M,rural,286.0,21
C09798,55,F,urban,902.0,3
C09799,59,F,urban,1938.0,19
C09800,55,M,urban,747.0,23
C09801,43,F,urban,2301.0,13
C09802,50,M,rural,498.0,15
C09803,33,M,urban,1025.0,8
C09804,64,F,urban,2942.0,20
C09805,27,F,rural,550.0,21
C09806,63,M,rural,1291.0,21
C09807,63,M,urban,1558.0,21
C09808,25,F,urban,1158.0,4
C09809,54,M,urban,944.0,14
C09810,69,F,rural,648.0,14
C09811,47,M,urban,1234.0,4
C09812,35,F,rural,1031.0,20
C09813,63,M,urban,463.0,7
C09814,44,M,rural,2122.0,12
C09815,24,M,urban,635.0,4
C09816,30,F,rural,471.0,20
C09817,53,F,urban,767.0,6
C09818,41,M,urban,642.0,14
C09819,29,M,rural,939.0,14
C09820,59,M,rural,520.0,5
C09821,24,F,urban,1435.0,21
C09822,29,M,rural,2511.0,3
C09823,42,F,urban,1169.0,17
C09824,20,M,rural,461.0,6
C09825,38,F,urban,634.0,16
C09826,65,F,urban,1252.0,7
C09827,66,M,urban,337.0,19
C09828,63,M,urban,523.0,15
C09829,34,F,rural,408.0,17
C09830,21,M,urban,1175.0,24
C09831,60,F,urban,4013.0,12
C09832,37,F,rural,515.0,19
C09833,56,M,urban,1790.0,20
C09834,24,F,urban,782.0,10
C09835,52,M,rural,497.0,9
C09836,48,F,urban,2803.0,18
C09837,65,M,rural,4007.0,23
C09838,23,M,rural,1404.0,3
C09839,39,M,urban,1363.0,5
C09840,69,M,rural,1138.0,6
C09841,38,M,urban,1003.0,17
C09842,52,M,rural,1345.0,12
C09843,26,F,rural,1645.0,14
C09844,55,M,rural,2975.0,9
C09845,32,M,rural,801.0,12
C09846,47,M,rural,1184.0,20
C09847,63,M,urban,1040.0,12
C09848,52,M,rural,2027.0,11
C09849,42,M,urban,4629.0,3
C09850,27,F,rural,2070.0,11
C09851,35,F,rural,1770.0,19
C09852,62,F,urban,1891.0,6
C09853,29,M,urban,2346.0,10
C09854,52,F,rural,4669.0,9
C09855,43,F,rural,399.0,13
C09856,34,F,rural,1571.0,21
C09857,55,M,urban,233.0,21
C09858,36,M,rural,1941.0,11
C09859,32,M,urban,1526.0,15
C09860,45,M,rural,790.0,20
C09861,57,F,urban,221.0,21
C09862,62,M,rural,1087.0,16
C09863,50,M,rural,1254.0,6
C09864,52,M,urban,1056.0,11
C09865,58,M,rural,755.0,9
C09866,32,M,urban,640.0,17
C09867,31,M,urban,1063.0,8
C09868,43,M,urban,678.0,3
C09869,50,M,urban,1782.0,22
C09870,51,F,urban,1046.0,5
C09871,25,F,rural,390.0,20
C09872,58,F,rural,1219.0,24
C09873,36,F,rural,1406.0,21
C09874,63,M,rural,2895.0,13
C09875,55,F,rural,1914.0,15
C09876,69,F,urban,640.0,18
C09877,50,M,rural,2580.0,7
C09878,45,M,rural,477.0,12
C09879,27,F,urban,1115.0,11
C09880,38,M,urban,1724.0,9
C09881,62,F,rural,2631.0,15
C09882,37,M,rural,3406.0,12
C09883,20,M,rural,2356.0,3
C09884,30,F,rural,1010.0,5
C09885,48,F,urban,1553.0,17
C09886,50,F,rural,1255.0,15
C09887,69,F,rural,716.0,21
C09888,66,F,urban,1023.0,4
C09889,45,M,urban,3225.0,10
C09890,46,F,urban,1616.0,11
C09891,59,M,rural,3773.0,17
C09892,20,M,rural,573.0,12
C09893,48,F,rural,872.0,13
C09894,42,M,urban,1407.0,23
C09895,58,F,rural,1712.0,3
C09896,59,M,urban,1022.0,22
C09897,52,M,rural,1773.0,9
C09898,52,M,rural,1765.0,3
C09899,53,F,rural,477.0,14
C09900,48,F,urban,1723.0,7
C09901,29,M,urban,2088.0,18
C09902,32,M,urban,1310.0,19
C09903,56,M,rural,364.0,11
C09904,50,M,urban,929.0,20
C09905,30,F,rural,1426.0,7
C09906,63,F,urban,652.0,10
C09907,68,M,rural,1903.0,4
C09908,50,M,urban,1699.0,17
C09909,29,F,urban,1189.0,18
C09910,66,M,rural,1108.0,19
C09911,30,M,urban,1231.0,11
C09912,40,F,urban,1094.0,21
C09913,62,M,rural,507.0,17
C09914,45,M,urban,847.0,15
C09915,30,M,rural,1145.0,7
C09916,22,F,rural,2569.0,21
C09917,36,M,urban,1661.0,19
C09918,52,F,urban,2653.0,22
C09919,55,M,urban,472.0,10
C09920,29,M,urban,886.0,15
C09921,26,F,urban,3806.0,4
C09922,54,M,rural,702.0,16
C09923,26,M,urban,694.0,14
C09924,21,M,rural,932.0,21
C09925,43,F,rural,3681.0,19
C09926,47,M,urban,733.0,24
C09927,30,F,rural,1532.0,23
C09928,28,M,urban,1387.0,6
C09929,30,M,urban,345.0,24
C09930,35,M,rural,1086.0,3
C09931,18,M,rural,787.0,13
C09932,18,F,urban,1647.0,23
C09933,37,M,rural,3113.0,16
C09934,19,F,rural,892.0,24
C09935,34,M,rural,892.0,15
C09936,48,M,rural,4968.0,17
C09937,19,M,rural,716.0,14
C09938,50,F,rural,490.0,23
C09939,50,M,rural,2506.0,5
C09940,47,F,rural,1064.0,11
C09941,50,F,rural,1300.0,17
C09942,60,F,urban,4184.0,13
C09943,21,M,urban,473.0,24
C09944,26,F,urban,975.0,15
C09945,34,M,urban,522.0,5
C09946,53,M,urban,1341.0,16
C09947,63,M,rural,787.0,9
C09948,65,F,rural,543.0,13
C09949,48,M,urban,1702.0,4
C09950,39,F,urban,1103.0,22
C09951,39,F,rural,518.0,11
C09952,21,M,urban,537.0,20
C09953,42,M,rural,1242.0,13
C09954,44,F,rural,402.0,23
C09955,28,M,rural,1257.0,10
C09956,57,M,urban,2450.0,5
C09957,60,M,urban,1636.0,13
C09958,33,F,rural,754.0,3
C09959,65,M,urban,1293.0,20
C09960,23,M,urban,518.0,23
C09961,65,M,urban,1190.0,7
C09962,57,M,rural,901.0,4
C09963,29,F,rural,588.0,19
C09964,51,M,rural,1594.0,18
C09965,34,F,rural,335.0,20
C09966,59,F,urban,538.0,15
C09967,26,M,rural,579.0,15
C09968,30,F,rural,810.0,8
C09969,33,F,urban,2391.0,9
C09970,28,F,rural,1724.0,16
C09971,35,F,urban,1168.0,23
C09972,49,M,rural,1136.0,9
C09973,50,F,urban,1089.0,11
C09974,46,M,urban,2498.0,15
C09975,27,F,rural,369.0,4
C09976,28,M,rural,1742.0,17
C09977,65,F,urban,808.0,5
C09978,31,F,rural,1483.0,18
C09979,23,F,rural,1487.0,22
C09980,41,M,urban,1703.0,23
C09981,18,F,rural,2836.0,6
C09982,35,F,rural,482.0,16
C09983,62,F,rural,2005.0,12
C09984,31,F,rural,1055.0,13
C09985,54,F,rural,832.0,18
C09986,43,F,rural,3715.0,24
C09987,36,M,rural,1671.0,15
C09988,52,M,urban,854.0,15
C09989,48,F,urban,1948.0,17
C09990,34,F,rural,1067.0,14
C09991,29,M,rural,846.0,10
C09992,65,M,urban,762.0,21
C09993,26,M,urban,1317.0,17
C09994,67,F,urban,759.0,15
C09995,42,F,urban,1204.0,3
C09996,69,F,urban,1867.0,9
C09997,36,M,rural,1172.0,8
C09998,47,M,urban,3590.0,17
C09999,49,F,rural,1105.0,5
